Id,Source,Target,Type,Weight
0,1,2,Undirected,247
1,1,12,Undirected,8368
2,1,16,Undirected,14719
3,1,21,Undirected,2398
4,1,25,Undirected,10209
5,1,30,Undirected,11135
6,1,32,Undirected,4195
7,1,33,Undirected,11673
8,1,37,Undirected,12651
9,1,52,Undirected,850
10,1,57,Undirected,16973
11,1,66,Undirected,3459
12,1,72,Undirected,1520
13,1,74,Undirected,4966
14,1,85,Undirected,5211
15,1,92,Undirected,680
16,1,93,Undirected,2299
17,1,108,Undirected,585
18,1,112,Undirected,4338
19,1,113,Undirected,2641
20,1,125,Undirected,1347
21,1,126,Undirected,2104
22,1,129,Undirected,1521
23,2,27,Undirected,4363
24,2,35,Undirected,7781
25,2,41,Undirected,10035
26,2,42,Undirected,897
27,2,58,Undirected,1976
28,2,59,Undirected,7370
29,2,62,Undirected,22071
30,2,63,Undirected,1963
31,2,86,Undirected,5088
32,2,91,Undirected,789
33,2,109,Undirected,1844
34,2,114,Undirected,3921
35,2,120,Undirected,1023
36,2,127,Undirected,4799
37,2,128,Undirected,10498
38,2,133,Undirected,2557
39,3,4,Undirected,3755
40,3,11,Undirected,234
41,3,13,Undirected,200
42,3,14,Undirected,15497
43,3,16,Undirected,307
44,3,18,Undirected,11279
45,3,19,Undirected,9162
46,3,22,Undirected,2751
47,3,24,Undirected,2447
48,3,26,Undirected,9976
49,3,31,Undirected,1581
50,3,37,Undirected,541
51,3,38,Undirected,416
52,3,39,Undirected,537
53,3,41,Undirected,555
54,3,43,Undirected,192
55,3,44,Undirected,229
56,3,48,Undirected,11511
57,3,50,Undirected,473
58,3,51,Undirected,193
59,3,53,Undirected,405
60,3,54,Undirected,290
61,3,57,Undirected,334
62,3,60,Undirected,567
63,3,61,Undirected,648
64,3,64,Undirected,280
65,3,67,Undirected,2307
67,3,71,Undirected,171
68,3,75,Undirected,599
69,3,77,Undirected,240
70,3,79,Undirected,3372
71,3,80,Undirected,2560
72,3,81,Undirected,6587
73,3,82,Undirected,2717
74,3,83,Undirected,1560
75,3,84,Undirected,5639
76,3,85,Undirected,6802
77,3,90,Undirected,153
78,3,94,Undirected,4646
79,3,96,Undirected,188
80,3,98,Undirected,190
81,3,99,Undirected,625
82,3,103,Undirected,225
83,3,105,Undirected,176
84,3,108,Undirected,184
85,3,110,Undirected,3899
86,3,112,Undirected,210
87,3,115,Undirected,2111
88,3,117,Undirected,221
89,3,119,Undirected,186
90,3,123,Undirected,213
91,3,124,Undirected,1381
92,3,125,Undirected,9642
93,3,126,Undirected,676
94,3,127,Undirected,993
95,3,134,Undirected,1251
96,3,135,Undirected,6462
97,4,14,Undirected,4913
98,4,18,Undirected,1994
99,4,19,Undirected,1372
100,4,26,Undirected,3005
101,4,31,Undirected,12317
102,4,39,Undirected,1053
103,4,48,Undirected,4015
104,4,67,Undirected,704
105,4,79,Undirected,3884
106,4,80,Undirected,4669
107,4,84,Undirected,2793
108,4,94,Undirected,4730
109,4,110,Undirected,3477
110,4,115,Undirected,4662
111,4,118,Undirected,920
112,4,124,Undirected,4521
113,4,134,Undirected,4655
114,5,6,Undirected,1231
115,5,7,Undirected,2124
116,5,8,Undirected,4704
117,5,9,Undirected,9308
118,5,14,Undirected,257
119,5,17,Undirected,9562
120,5,18,Undirected,162
121,5,20,Undirected,828
122,5,22,Undirected,10434
123,5,23,Undirected,8088
124,5,24,Undirected,391
125,5,27,Undirected,269
126,5,28,Undirected,8116
127,5,29,Undirected,3701
128,5,33,Undirected,155
129,5,37,Undirected,170
130,5,38,Undirected,477
131,5,39,Undirected,8725
132,5,46,Undirected,9623
133,5,54,Undirected,248
134,5,57,Undirected,679
135,5,62,Undirected,410
136,5,64,Undirected,166
137,5,65,Undirected,265
138,5,67,Undirected,451
140,5,70,Undirected,7017
141,5,73,Undirected,5935
142,5,74,Undirected,7242
143,5,77,Undirected,1834
144,5,83,Undirected,3893
145,5,88,Undirected,953
146,5,89,Undirected,6412
147,5,97,Undirected,2729
148,5,100,Undirected,2612
149,5,101,Undirected,1267
150,5,102,Undirected,7102
151,5,105,Undirected,1447
152,5,106,Undirected,9067
153,5,111,Undirected,3264
154,5,112,Undirected,9497
155,5,116,Undirected,1389
156,5,117,Undirected,9057
157,5,119,Undirected,1556
158,5,135,Undirected,381
159,6,7,Undirected,11753
160,6,8,Undirected,2799
161,6,9,Undirected,12186
162,6,17,Undirected,2123
163,6,20,Undirected,2930
164,6,22,Undirected,587
165,6,23,Undirected,1757
166,6,28,Undirected,13184
167,6,29,Undirected,4054
168,6,39,Undirected,1754
169,6,46,Undirected,8890
171,6,73,Undirected,1498
172,6,77,Undirected,2012
173,6,83,Undirected,2053
174,6,88,Undirected,1142
175,6,97,Undirected,3451
176,6,100,Undirected,4450
177,6,101,Undirected,2586
178,6,105,Undirected,3881
179,6,111,Undirected,2768
180,6,116,Undirected,1820
181,6,119,Undirected,4432
183,7,8,Undirected,3942
184,7,9,Undirected,7455
185,7,17,Undirected,2574
186,7,20,Undirected,793
187,7,22,Undirected,2916
188,7,23,Undirected,980
189,7,28,Undirected,9812
190,7,29,Undirected,2753
191,7,39,Undirected,4594
192,7,46,Undirected,2749
194,7,73,Undirected,1607
195,7,77,Undirected,3320
196,7,83,Undirected,1564
197,7,88,Undirected,1469
198,7,97,Undirected,4607
199,7,100,Undirected,2728
200,7,101,Undirected,1849
201,7,105,Undirected,3875
202,7,111,Undirected,3640
203,7,116,Undirected,1293
204,7,119,Undirected,3567
205,8,9,Undirected,7532
206,8,17,Undirected,10756
207,8,20,Undirected,3278
208,8,22,Undirected,10228
209,8,23,Undirected,3334
210,8,24,Undirected,276
211,8,28,Undirected,4671
212,8,29,Undirected,2268
213,8,39,Undirected,10615
214,8,46,Undirected,9084
215,8,54,Undirected,257
217,8,73,Undirected,4829
218,8,77,Undirected,3054
219,8,78,Undirected,6717
220,8,83,Undirected,2450
221,8,88,Undirected,4234
222,8,89,Undirected,6137
223,8,97,Undirected,2091
224,8,98,Undirected,6237
225,8,99,Undirected,356
226,8,100,Undirected,2827
227,8,101,Undirected,11735
228,8,105,Undirected,2243
229,8,111,Undirected,4902
230,8,112,Undirected,8387
231,8,116,Undirected,1012
232,8,119,Undirected,3560
235,9,14,Undirected,365
236,9,17,Undirected,12336
237,9,20,Undirected,9424
238,9,22,Undirected,2150
239,9,23,Undirected,7145
240,9,28,Undirected,10988
241,9,29,Undirected,4449
242,9,39,Undirected,11246
243,9,46,Undirected,12678
244,9,67,Undirected,219
246,9,70,Undirected,6727
247,9,73,Undirected,9854
248,9,77,Undirected,2248
249,9,83,Undirected,4674
250,9,88,Undirected,2019
251,9,97,Undirected,2647
252,9,100,Undirected,1624
253,9,101,Undirected,11133
254,9,102,Undirected,6482
255,9,105,Undirected,3915
256,9,106,Undirected,6867
257,9,111,Undirected,3843
258,9,112,Undirected,8907
259,9,116,Undirected,4701
260,9,119,Undirected,1747
261,9,120,Undirected,11122
262,10,3,Undirected,729
263,10,11,Undirected,567
264,10,14,Undirected,215
265,10,22,Undirected,707
266,10,24,Undirected,1027
267,10,30,Undirected,235
268,10,37,Undirected,319
269,10,38,Undirected,329
270,10,40,Undirected,2258
271,10,41,Undirected,594
272,10,43,Undirected,1584
273,10,44,Undirected,8464
274,10,45,Undirected,10864
275,10,51,Undirected,2362
276,10,53,Undirected,4157
277,10,57,Undirected,310
278,10,61,Undirected,11543
279,10,65,Undirected,163
280,10,68,Undirected,500
282,10,71,Undirected,3962
283,10,84,Undirected,714
284,10,87,Undirected,1549
285,10,96,Undirected,587
286,10,99,Undirected,210
287,10,103,Undirected,4763
288,10,104,Undirected,6252
289,10,105,Undirected,185
290,10,113,Undirected,732
291,10,114,Undirected,747
292,10,117,Undirected,4923
293,10,119,Undirected,169
294,10,122,Undirected,2140
295,10,123,Undirected,8459
296,10,126,Undirected,672
297,10,127,Undirected,499
298,10,130,Undirected,3473
299,10,132,Undirected,4815
300,10,135,Undirected,159
301,11,40,Undirected,4821
302,11,43,Undirected,8072
303,11,44,Undirected,12986
304,11,45,Undirected,2678
305,11,51,Undirected,8825
306,11,53,Undirected,2707
307,11,61,Undirected,16201
308,11,71,Undirected,4765
309,11,87,Undirected,2114
310,11,96,Undirected,3861
311,11,103,Undirected,4041
312,11,117,Undirected,4820
313,11,122,Undirected,4137
314,11,123,Undirected,3913
315,11,130,Undirected,1125
316,11,132,Undirected,3135
318,12,2,Undirected,222
319,12,16,Undirected,8765
320,12,21,Undirected,4907
321,12,25,Undirected,4661
322,12,30,Undirected,8523
323,12,32,Undirected,810
324,12,33,Undirected,1551
325,12,37,Undirected,8285
326,12,52,Undirected,1053
327,12,57,Undirected,8011
328,12,66,Undirected,6847
329,12,72,Undirected,4137
330,12,74,Undirected,4913
331,12,85,Undirected,1857
332,12,91,Undirected,228
333,12,93,Undirected,4529
334,12,105,Undirected,240
335,12,108,Undirected,4739
336,12,109,Undirected,7527
337,12,112,Undirected,3528
338,12,113,Undirected,3485
339,12,125,Undirected,710
340,12,126,Undirected,1817
341,12,129,Undirected,4449
342,12,134,Undirected,180
343,13,16,Undirected,157
344,13,24,Undirected,15215
345,13,47,Undirected,4389
346,13,49,Undirected,1204
347,13,54,Undirected,10674
348,13,55,Undirected,636
349,13,56,Undirected,1902
350,13,60,Undirected,10861
351,13,64,Undirected,9394
352,13,65,Undirected,10483
353,13,68,Undirected,757
354,13,78,Undirected,2861
355,13,89,Undirected,4436
356,13,95,Undirected,4703
357,13,106,Undirected,4583
358,13,107,Undirected,4413
359,13,125,Undirected,232
360,14,1,Undirected,220
361,14,12,Undirected,166
362,14,13,Undirected,461
363,14,15,Undirected,333
364,14,16,Undirected,343
365,14,18,Undirected,11964
366,14,19,Undirected,12351
367,14,24,Undirected,9548
368,14,26,Undirected,9356
369,14,27,Undirected,189
370,14,30,Undirected,366
371,14,31,Undirected,2661
372,14,32,Undirected,350
373,14,33,Undirected,227
374,14,34,Undirected,299
375,14,35,Undirected,283
376,14,37,Undirected,565
377,14,39,Undirected,241
378,14,42,Undirected,245
379,14,48,Undirected,3911
380,14,54,Undirected,1120
381,14,57,Undirected,1432
382,14,63,Undirected,276
383,14,64,Undirected,1486
384,14,67,Undirected,7930
385,14,71,Undirected,168
386,14,77,Undirected,278
387,14,79,Undirected,4895
388,14,80,Undirected,9351
389,14,83,Undirected,713
390,14,84,Undirected,1792
391,14,94,Undirected,5079
392,14,96,Undirected,173
393,14,98,Undirected,540
394,14,99,Undirected,1429
395,14,103,Undirected,187
396,14,105,Undirected,199
397,14,109,Undirected,281
398,14,110,Undirected,2135
399,14,112,Undirected,343
400,14,113,Undirected,251
401,14,114,Undirected,252
402,14,115,Undirected,1183
403,14,119,Undirected,337
404,14,124,Undirected,755
405,14,125,Undirected,7887
406,14,134,Undirected,3987
407,14,135,Undirected,6497
408,15,34,Undirected,6863
409,15,36,Undirected,2020
410,15,38,Undirected,10148
411,15,50,Undirected,8200
412,15,54,Undirected,638
413,15,70,Undirected,602
414,15,75,Undirected,3271
415,15,76,Undirected,1238
416,15,81,Undirected,4792
417,15,82,Undirected,9903
418,15,90,Undirected,839
419,15,92,Undirected,2395
420,15,98,Undirected,1589
421,15,99,Undirected,10164
422,15,102,Undirected,2100
423,15,104,Undirected,2084
424,15,105,Undirected,6282
425,15,118,Undirected,1093
426,15,121,Undirected,4513
427,15,131,Undirected,1168
429,16,11,Undirected,850
430,16,21,Undirected,2019
431,16,25,Undirected,8112
432,16,30,Undirected,11496
433,16,32,Undirected,3381
434,16,33,Undirected,2269
435,16,37,Undirected,12468
436,16,52,Undirected,11170
437,16,57,Undirected,35572
438,16,59,Undirected,194
439,16,66,Undirected,1170
440,16,72,Undirected,2058
441,16,74,Undirected,4674
442,16,85,Undirected,3669
443,16,93,Undirected,1513
444,16,103,Undirected,215
445,16,105,Undirected,246
446,16,108,Undirected,2103
447,16,109,Undirected,8447
448,16,112,Undirected,3654
449,16,113,Undirected,3530
450,16,121,Undirected,922
451,16,125,Undirected,1465
452,16,126,Undirected,2260
453,16,129,Undirected,4624
454,17,3,Undirected,1439
458,17,10,Undirected,164
459,17,11,Undirected,252
460,17,13,Undirected,153
461,17,14,Undirected,602
462,17,18,Undirected,192
463,17,19,Undirected,179
464,17,20,Undirected,7790
465,17,22,Undirected,8211
466,17,23,Undirected,9682
467,17,24,Undirected,501
468,17,26,Undirected,244
469,17,28,Undirected,1348
470,17,29,Undirected,532
471,17,30,Undirected,203
472,17,33,Undirected,175
473,17,37,Undirected,277
474,17,38,Undirected,321
475,17,39,Undirected,10697
476,17,43,Undirected,598
477,17,44,Undirected,1819
478,17,45,Undirected,1513
479,17,46,Undirected,10960
480,17,50,Undirected,230
481,17,51,Undirected,268
482,17,53,Undirected,176
483,17,57,Undirected,209
484,17,61,Undirected,736
485,17,62,Undirected,174
486,17,67,Undirected,421
488,17,70,Undirected,6977
489,17,73,Undirected,5669
490,17,75,Undirected,2769
491,17,77,Undirected,4759
492,17,79,Undirected,170
493,17,81,Undirected,525
494,17,82,Undirected,213
495,17,83,Undirected,1405
496,17,84,Undirected,7927
497,17,88,Undirected,1158
498,17,89,Undirected,6412
499,17,90,Undirected,614
500,17,97,Undirected,4367
501,17,98,Undirected,6462
502,17,99,Undirected,182
503,17,100,Undirected,4270
504,17,101,Undirected,7798
505,17,102,Undirected,7172
506,17,103,Undirected,183
507,17,104,Undirected,1132
508,17,105,Undirected,4491
509,17,106,Undirected,6402
510,17,108,Undirected,280
511,17,111,Undirected,4586
512,17,112,Undirected,8982
513,17,116,Undirected,3935
514,17,117,Undirected,9577
515,17,119,Undirected,3959
516,17,123,Undirected,353
517,17,127,Undirected,602
518,17,131,Undirected,495
519,17,133,Undirected,2255
520,18,6,Undirected,720
521,18,7,Undirected,464
522,18,8,Undirected,193
523,18,9,Undirected,376
524,18,13,Undirected,187
526,18,19,Undirected,4363
527,18,24,Undirected,1196
528,18,26,Undirected,2566
529,18,28,Undirected,513
530,18,31,Undirected,2262
531,18,35,Undirected,200
532,18,37,Undirected,644
533,18,42,Undirected,644
534,18,46,Undirected,234
535,18,48,Undirected,4861
536,18,54,Undirected,375
537,18,67,Undirected,9141
538,18,79,Undirected,856
539,18,80,Undirected,1937
540,18,84,Undirected,1512
541,18,94,Undirected,2909
542,18,98,Undirected,349
543,18,99,Undirected,362
544,18,101,Undirected,731
545,18,106,Undirected,174
546,18,110,Undirected,1898
547,18,112,Undirected,428
548,18,115,Undirected,4200
549,18,124,Undirected,982
550,18,134,Undirected,4673
551,18,135,Undirected,6362
552,19,13,Undirected,468
554,19,15,Undirected,181
555,19,24,Undirected,3206
556,19,26,Undirected,10811
557,19,31,Undirected,756
558,19,37,Undirected,193
559,19,38,Undirected,241
560,19,41,Undirected,172
561,19,43,Undirected,422
562,19,47,Undirected,288
563,19,48,Undirected,10310
564,19,50,Undirected,561
565,19,54,Undirected,537
566,19,56,Undirected,549
567,19,60,Undirected,245
568,19,61,Undirected,3937
569,19,64,Undirected,224
570,19,65,Undirected,1030
571,19,67,Undirected,10600
572,19,71,Undirected,856
573,19,79,Undirected,4153
574,19,80,Undirected,11276
575,19,83,Undirected,193
576,19,84,Undirected,1716
577,19,85,Undirected,6132
578,19,94,Undirected,1421
579,19,96,Undirected,210
580,19,99,Undirected,793
581,19,103,Undirected,172
582,19,110,Undirected,1445
583,19,111,Undirected,7447
584,19,115,Undirected,4226
585,19,122,Undirected,150
586,19,124,Undirected,643
587,19,131,Undirected,1069
588,19,134,Undirected,1270
589,20,16,Undirected,920
590,20,22,Undirected,515
591,20,23,Undirected,1751
592,20,28,Undirected,4824
593,20,29,Undirected,2277
594,20,31,Undirected,921
595,20,39,Undirected,4130
596,20,46,Undirected,3414
598,20,73,Undirected,2282
599,20,77,Undirected,2269
600,20,83,Undirected,3978
601,20,88,Undirected,4665
602,20,97,Undirected,2899
603,20,99,Undirected,924
604,20,100,Undirected,1567
605,20,101,Undirected,1947
606,20,105,Undirected,594
607,20,111,Undirected,2095
608,20,116,Undirected,3535
609,20,118,Undirected,920
610,20,119,Undirected,2841
611,21,25,Undirected,1674
612,21,30,Undirected,11464
613,21,32,Undirected,4949
614,21,33,Undirected,4572
615,21,37,Undirected,9791
616,21,52,Undirected,3546
617,21,57,Undirected,13262
618,21,66,Undirected,2499
619,21,72,Undirected,2105
620,21,74,Undirected,3790
621,21,85,Undirected,3048
622,21,93,Undirected,3020
623,21,108,Undirected,3204
624,21,112,Undirected,2887
625,21,113,Undirected,2708
626,21,125,Undirected,3694
627,21,126,Undirected,1124
628,21,129,Undirected,4275
631,22,11,Undirected,180
632,22,14,Undirected,252
633,22,16,Undirected,600
634,22,23,Undirected,3548
635,22,24,Undirected,547
636,22,28,Undirected,2307
637,22,29,Undirected,2787
638,22,37,Undirected,213
639,22,39,Undirected,9747
640,22,41,Undirected,186
641,22,46,Undirected,9194
642,22,57,Undirected,424
643,22,60,Undirected,201
644,22,61,Undirected,277
645,22,64,Undirected,171
647,22,73,Undirected,3832
648,22,75,Undirected,328
649,22,77,Undirected,4093
650,22,82,Undirected,365
651,22,83,Undirected,4283
652,22,88,Undirected,4271
653,22,97,Undirected,4267
654,22,98,Undirected,6237
655,22,99,Undirected,265
656,22,100,Undirected,3809
657,22,101,Undirected,3317
658,22,103,Undirected,243
659,22,105,Undirected,2574
660,22,111,Undirected,1062
661,22,112,Undirected,6587
662,22,116,Undirected,4998
663,22,117,Undirected,6702
664,22,119,Undirected,2353
665,22,123,Undirected,212
666,22,125,Undirected,208
667,22,126,Undirected,679
668,22,127,Undirected,589
671,23,28,Undirected,4768
672,23,29,Undirected,4290
673,23,31,Undirected,154
674,23,33,Undirected,208
675,23,39,Undirected,8118
676,23,46,Undirected,3925
677,23,47,Undirected,161
678,23,48,Undirected,321
679,23,56,Undirected,161
680,23,64,Undirected,356
681,23,65,Undirected,307
682,23,67,Undirected,2642
684,23,70,Undirected,9922
685,23,73,Undirected,5019
686,23,77,Undirected,3154
687,23,83,Undirected,4397
688,23,88,Undirected,2057
689,23,97,Undirected,3544
690,23,100,Undirected,2749
691,23,101,Undirected,3790
692,23,102,Undirected,9332
693,23,105,Undirected,545
694,23,111,Undirected,1539
695,23,112,Undirected,6637
696,23,116,Undirected,2467
697,23,117,Undirected,6277
698,23,119,Undirected,3625
699,23,122,Undirected,158
700,23,127,Undirected,582
701,24,1,Undirected,314
702,24,11,Undirected,164
703,24,12,Undirected,266
705,24,15,Undirected,1718
706,24,16,Undirected,384
707,24,21,Undirected,432
708,24,27,Undirected,299
709,24,30,Undirected,2725
710,24,31,Undirected,416
711,24,32,Undirected,770
712,24,33,Undirected,639
713,24,34,Undirected,1370
714,24,35,Undirected,2180
715,24,36,Undirected,842
716,24,37,Undirected,2957
717,24,39,Undirected,319
718,24,42,Undirected,3436
719,24,47,Undirected,15610
720,24,49,Undirected,9162
721,24,54,Undirected,40005
722,24,55,Undirected,13530
723,24,56,Undirected,7294
724,24,57,Undirected,2386
725,24,58,Undirected,572
726,24,60,Undirected,16543
727,24,63,Undirected,650
728,24,64,Undirected,19313
729,24,65,Undirected,23926
730,24,66,Undirected,213
731,24,67,Undirected,597
732,24,68,Undirected,10898
733,24,71,Undirected,247
734,24,77,Undirected,447
735,24,78,Undirected,1724
736,24,79,Undirected,15977
737,24,83,Undirected,1678
738,24,89,Undirected,1713
739,24,91,Undirected,297
740,24,94,Undirected,1380
741,24,95,Undirected,1425
742,24,96,Undirected,9212
743,24,98,Undirected,1913
744,24,99,Undirected,6034
745,24,103,Undirected,2648
746,24,105,Undirected,1239
747,24,106,Undirected,2927
748,24,107,Undirected,10367
749,24,109,Undirected,331
750,24,110,Undirected,346
751,24,112,Undirected,687
752,24,113,Undirected,737
753,24,114,Undirected,805
754,24,115,Undirected,908
755,24,119,Undirected,1684
756,24,121,Undirected,258
757,24,125,Undirected,846
758,24,128,Undirected,227
759,24,129,Undirected,474
760,24,130,Undirected,212
761,24,132,Undirected,380
762,24,135,Undirected,457
764,25,30,Undirected,1609
765,25,32,Undirected,2460
766,25,33,Undirected,2798
767,25,37,Undirected,3818
768,25,52,Undirected,4501
769,25,57,Undirected,9615
770,25,66,Undirected,9422
771,25,72,Undirected,2312
772,25,74,Undirected,4922
773,25,85,Undirected,2174
774,25,93,Undirected,4816
775,25,105,Undirected,538
776,25,108,Undirected,3353
777,25,112,Undirected,1394
778,25,113,Undirected,1489
779,25,125,Undirected,1226
780,25,126,Undirected,2624
781,25,129,Undirected,4292
782,25,134,Undirected,645
785,26,24,Undirected,784
786,26,31,Undirected,2251
787,26,38,Undirected,515
788,26,41,Undirected,168
789,26,43,Undirected,196
790,26,48,Undirected,8673
791,26,50,Undirected,211
792,26,51,Undirected,475
793,26,53,Undirected,160
794,26,54,Undirected,443
795,26,59,Undirected,287
796,26,61,Undirected,1093
797,26,65,Undirected,189
798,26,67,Undirected,7984
800,26,79,Undirected,2089
801,26,80,Undirected,11762
802,26,83,Undirected,177
803,26,84,Undirected,2137
804,26,87,Undirected,731
805,26,94,Undirected,2202
806,26,99,Undirected,271
807,26,103,Undirected,182
808,26,105,Undirected,404
809,26,108,Undirected,168
810,26,110,Undirected,3676
811,26,115,Undirected,1214
812,26,124,Undirected,2563
813,26,125,Undirected,6902
814,26,127,Undirected,446
815,26,134,Undirected,4858
816,27,35,Undirected,2743
817,27,41,Undirected,11555
818,27,42,Undirected,4714
819,27,58,Undirected,1220
820,27,59,Undirected,2784
821,27,62,Undirected,9316
822,27,63,Undirected,2444
823,27,86,Undirected,893
824,27,91,Undirected,3384
825,27,109,Undirected,4737
826,27,114,Undirected,4337
827,27,115,Undirected,6347
828,27,120,Undirected,1656
829,27,127,Undirected,2915
830,27,128,Undirected,1906
831,27,133,Undirected,4675
834,28,14,Undirected,424
835,28,29,Undirected,1772
836,28,39,Undirected,1817
837,28,46,Undirected,18295
839,28,73,Undirected,2482
840,28,74,Undirected,8082
841,28,77,Undirected,2623
842,28,83,Undirected,4426
843,28,88,Undirected,2535
844,28,89,Undirected,6962
845,28,97,Undirected,3861
846,28,100,Undirected,4073
847,28,101,Undirected,11157
848,28,105,Undirected,2542
849,28,106,Undirected,6312
850,28,111,Undirected,3813
851,28,112,Undirected,6697
852,28,116,Undirected,4472
853,28,119,Undirected,3775
854,28,135,Undirected,437
855,29,39,Undirected,2487
856,29,46,Undirected,913
858,29,73,Undirected,4576
859,29,77,Undirected,3017
860,29,78,Undirected,7682
861,29,83,Undirected,2459
862,29,88,Undirected,3865
863,29,97,Undirected,2816
864,29,100,Undirected,2433
865,29,101,Undirected,708
866,29,105,Undirected,3192
867,29,111,Undirected,4290
868,29,116,Undirected,528
869,29,119,Undirected,1744
874,30,32,Undirected,10733
875,30,33,Undirected,3306
876,30,34,Undirected,341
877,30,35,Undirected,471
878,30,37,Undirected,13024
879,30,42,Undirected,452
880,30,52,Undirected,2741
881,30,54,Undirected,555
882,30,57,Undirected,11680
883,30,59,Undirected,460
884,30,63,Undirected,356
885,30,64,Undirected,323
886,30,66,Undirected,3644
887,30,67,Undirected,167
888,30,72,Undirected,1767
889,30,74,Undirected,3619
890,30,79,Undirected,278
891,30,85,Undirected,2366
892,30,93,Undirected,2987
893,30,94,Undirected,6757
894,30,96,Undirected,165
895,30,98,Undirected,383
896,30,99,Undirected,753
897,30,105,Undirected,294
898,30,108,Undirected,3844
899,30,109,Undirected,7397
900,30,110,Undirected,442
901,30,112,Undirected,2085
902,30,113,Undirected,9673
903,30,114,Undirected,6457
904,30,115,Undirected,724
905,30,125,Undirected,3677
906,30,126,Undirected,4403
907,30,129,Undirected,1579
909,31,39,Undirected,926
910,31,48,Undirected,4554
911,31,67,Undirected,10750
912,31,79,Undirected,3835
913,31,80,Undirected,2269
914,31,84,Undirected,946
915,31,94,Undirected,4882
916,31,103,Undirected,229
917,31,110,Undirected,842
918,31,115,Undirected,960
919,31,118,Undirected,920
920,31,124,Undirected,4595
921,31,134,Undirected,2140
922,32,33,Undirected,2113
923,32,37,Undirected,10481
924,32,52,Undirected,4214
925,32,57,Undirected,572
926,32,66,Undirected,3499
927,32,72,Undirected,2513
928,32,74,Undirected,4391
929,32,85,Undirected,3835
930,32,93,Undirected,3918
931,32,108,Undirected,551
932,32,112,Undirected,4754
933,32,113,Undirected,3851
934,32,125,Undirected,2670
935,32,126,Undirected,633
936,32,129,Undirected,1003
938,33,37,Undirected,11076
939,33,52,Undirected,4040
940,33,56,Undirected,231
941,33,57,Undirected,9273
942,33,66,Undirected,4724
943,33,72,Undirected,4942
944,33,74,Undirected,3405
945,33,85,Undirected,4412
946,33,93,Undirected,4540
947,33,105,Undirected,220
948,33,108,Undirected,4628
949,33,109,Undirected,6972
950,33,112,Undirected,1065
951,33,113,Undirected,3956
952,33,125,Undirected,4249
953,33,126,Undirected,4152
954,33,129,Undirected,1260
955,34,21,Undirected,318
956,34,32,Undirected,2731
957,34,36,Undirected,1609
958,34,38,Undirected,8958
959,34,50,Undirected,10706
960,34,59,Undirected,177
961,34,63,Undirected,2050
962,34,70,Undirected,1617
963,34,75,Undirected,3096
964,34,76,Undirected,4880
965,34,77,Undirected,8067
966,34,81,Undirected,1427
967,34,82,Undirected,9036
968,34,90,Undirected,4603
969,34,92,Undirected,2282
970,34,98,Undirected,4496
971,34,99,Undirected,17120
972,34,102,Undirected,4144
973,34,104,Undirected,677
974,34,105,Undirected,7017
975,34,118,Undirected,1577
976,34,121,Undirected,4483
977,34,125,Undirected,366
978,34,131,Undirected,3560
979,34,132,Undirected,7587
981,35,21,Undirected,185
982,35,32,Undirected,365
983,35,34,Undirected,877
984,35,41,Undirected,15170
985,35,42,Undirected,2393
986,35,58,Undirected,12575
987,35,59,Undirected,1475
988,35,62,Undirected,13236
989,35,63,Undirected,12807
990,35,86,Undirected,3838
991,35,91,Undirected,4598
992,35,105,Undirected,398
993,35,109,Undirected,3147
994,35,114,Undirected,2081
995,35,115,Undirected,6187
996,35,120,Undirected,1548
997,35,127,Undirected,2388
998,35,128,Undirected,8267
999,35,129,Undirected,6177
1000,35,130,Undirected,349
1001,35,132,Undirected,153
1002,35,133,Undirected,4204
1003,35,134,Undirected,6177
1004,36,38,Undirected,9108
1005,36,50,Undirected,11984
1006,36,70,Undirected,2181
1007,36,75,Undirected,1202
1008,36,76,Undirected,4183
1009,36,81,Undirected,944
1010,36,82,Undirected,9140
1011,36,90,Undirected,1308
1012,36,92,Undirected,1360
1013,36,98,Undirected,3373
1014,36,99,Undirected,1294
1015,36,102,Undirected,4723
1016,36,104,Undirected,3413
1017,36,118,Undirected,2218
1018,36,121,Undirected,1768
1019,36,131,Undirected,2199
1021,37,6,Undirected,190
1022,37,7,Undirected,409
1024,37,15,Undirected,226
1030,37,34,Undirected,931
1031,37,35,Undirected,1492
1032,37,39,Undirected,188
1033,37,42,Undirected,953
1034,37,52,Undirected,4073
1035,37,54,Undirected,795
1036,37,57,Undirected,17981
1037,37,58,Undirected,270
1038,37,59,Undirected,201
1039,37,63,Undirected,558
1040,37,64,Undirected,372
1041,37,66,Undirected,11150
1042,37,67,Undirected,168
1043,37,72,Undirected,1080
1044,37,74,Undirected,1880
1045,37,79,Undirected,3333
1046,37,85,Undirected,3449
1047,37,93,Undirected,1580
1048,37,94,Undirected,8342
1049,37,96,Undirected,1142
1050,37,98,Undirected,653
1051,37,99,Undirected,1384
1052,37,103,Undirected,196
1053,37,105,Undirected,532
1054,37,108,Undirected,2954
1055,37,109,Undirected,8007
1056,37,110,Undirected,175
1057,37,112,Undirected,5005
1058,37,113,Undirected,10381
1059,37,114,Undirected,7517
1060,37,115,Undirected,490
1061,37,119,Undirected,559
1062,37,125,Undirected,5105
1063,37,126,Undirected,9420
1064,37,128,Undirected,187
1065,37,129,Undirected,991
1066,37,132,Undirected,446
1067,37,135,Undirected,2268
1068,38,1,Undirected,605
1069,38,2,Undirected,222
1070,38,6,Undirected,187
1071,38,8,Undirected,215
1072,38,9,Undirected,155
1073,38,12,Undirected,387
1074,38,13,Undirected,373
1075,38,14,Undirected,441
1077,38,16,Undirected,370
1078,38,18,Undirected,1191
1079,38,21,Undirected,163
1080,38,24,Undirected,3561
1081,38,25,Undirected,413
1082,38,27,Undirected,160
1083,38,30,Undirected,542
1084,38,32,Undirected,302
1085,38,33,Undirected,1110
1087,38,35,Undirected,501
1089,38,37,Undirected,1442
1090,38,39,Undirected,353
1091,38,41,Undirected,2194
1092,38,42,Undirected,304
1093,38,48,Undirected,419
1094,38,49,Undirected,388
1095,38,50,Undirected,14361
1096,38,54,Undirected,974
1097,38,55,Undirected,188
1098,38,56,Undirected,257
1099,38,57,Undirected,1146
1100,38,58,Undirected,153
1101,38,59,Undirected,602
1102,38,60,Undirected,348
1103,38,61,Undirected,596
1104,38,63,Undirected,364
1105,38,64,Undirected,938
1106,38,66,Undirected,375
1107,38,67,Undirected,533
1108,38,70,Undirected,3785
1109,38,71,Undirected,6132
1110,38,75,Undirected,1144
1111,38,76,Undirected,10600
1112,38,79,Undirected,395
1113,38,81,Undirected,1689
1114,38,82,Undirected,10626
1115,38,83,Undirected,7102
1116,38,85,Undirected,464
1117,38,87,Undirected,655
1118,38,89,Undirected,338
1119,38,90,Undirected,5333
1120,38,91,Undirected,6657
1121,38,92,Undirected,2842
1122,38,94,Undirected,746
1123,38,96,Undirected,418
1124,38,98,Undirected,3091
1125,38,99,Undirected,9647
1126,38,102,Undirected,5100
1127,38,103,Undirected,6987
1128,38,104,Undirected,3888
1129,38,105,Undirected,16997
1130,38,106,Undirected,183
1131,38,107,Undirected,406
1132,38,108,Undirected,353
1133,38,109,Undirected,550
1134,38,112,Undirected,1092
1135,38,113,Undirected,358
1136,38,114,Undirected,369
1137,38,115,Undirected,403
1138,38,117,Undirected,714
1139,38,118,Undirected,3648
1140,38,119,Undirected,11347
1141,38,121,Undirected,1353
1142,38,122,Undirected,8507
1143,38,125,Undirected,505
1144,38,131,Undirected,2568
1145,38,132,Undirected,6187
1146,38,134,Undirected,628
1147,38,135,Undirected,638
1148,39,46,Undirected,7468
1150,39,73,Undirected,6595
1151,39,77,Undirected,3606
1152,39,83,Undirected,1731
1153,39,88,Undirected,2910
1154,39,97,Undirected,2284
1155,39,100,Undirected,2092
1156,39,101,Undirected,10703
1157,39,105,Undirected,2855
1158,39,111,Undirected,1239
1159,39,116,Undirected,2361
1160,39,118,Undirected,925
1161,39,119,Undirected,1319
1162,40,43,Undirected,3396
1163,40,44,Undirected,1075
1164,40,45,Undirected,4797
1165,40,51,Undirected,2556
1166,40,53,Undirected,2181
1167,40,61,Undirected,1398
1168,40,71,Undirected,2178
1169,40,87,Undirected,4856
1170,40,96,Undirected,1078
1171,40,103,Undirected,4543
1172,40,117,Undirected,4710
1173,40,122,Undirected,1815
1174,40,123,Undirected,11005
1175,40,130,Undirected,1974
1176,40,132,Undirected,2071
1177,41,1,Undirected,313
1179,41,12,Undirected,219
1180,41,14,Undirected,1049
1181,41,15,Undirected,909
1182,41,16,Undirected,162
1183,41,18,Undirected,711
1184,41,21,Undirected,976
1185,41,24,Undirected,4346
1187,41,30,Undirected,1114
1188,41,32,Undirected,542
1189,41,33,Undirected,157
1190,41,34,Undirected,745
1192,41,37,Undirected,4368
1193,41,39,Undirected,239
1194,41,42,Undirected,12012
1195,41,48,Undirected,391
1196,41,49,Undirected,360
1197,41,50,Undirected,809
1198,41,54,Undirected,1743
1199,41,55,Undirected,894
1200,41,57,Undirected,1002
1201,41,58,Undirected,19073
1202,41,59,Undirected,10955
1203,41,60,Undirected,5121
1204,41,61,Undirected,900
1205,41,62,Undirected,16143
1206,41,63,Undirected,11311
1207,41,64,Undirected,288
1208,41,66,Undirected,333
1209,41,71,Undirected,162
1210,41,76,Undirected,324
1211,41,79,Undirected,541
1212,41,83,Undirected,169
1213,41,85,Undirected,200
1214,41,86,Undirected,3775
1215,41,87,Undirected,6187
1216,41,91,Undirected,1493
1217,41,94,Undirected,747
1218,41,96,Undirected,335
1219,41,98,Undirected,1831
1220,41,99,Undirected,2681
1221,41,103,Undirected,216
1222,41,105,Undirected,702
1223,41,107,Undirected,317
1224,41,108,Undirected,427
1225,41,109,Undirected,1098
1226,41,110,Undirected,7152
1227,41,112,Undirected,637
1228,41,113,Undirected,1267
1229,41,114,Undirected,3657
1230,41,115,Undirected,11517
1231,41,117,Undirected,360
1232,41,119,Undirected,1163
1233,41,120,Undirected,2259
1234,41,121,Undirected,6132
1235,41,122,Undirected,296
1236,41,125,Undirected,427
1237,41,126,Undirected,299
1238,41,127,Undirected,9594
1239,41,128,Undirected,17402
1240,41,129,Undirected,7402
1241,41,130,Undirected,234
1242,41,132,Undirected,816
1243,41,133,Undirected,3507
1244,41,134,Undirected,6767
1245,41,135,Undirected,627
1246,42,16,Undirected,930
1247,42,21,Undirected,208
1248,42,34,Undirected,164
1249,42,58,Undirected,9899
1250,42,59,Undirected,3834
1251,42,62,Undirected,9790
1252,42,63,Undirected,9389
1253,42,86,Undirected,5753
1254,42,91,Undirected,2098
1255,42,105,Undirected,170
1256,42,109,Undirected,1104
1257,42,114,Undirected,671
1258,42,120,Undirected,2516
1259,42,121,Undirected,10787
1260,42,127,Undirected,6532
1261,42,128,Undirected,1903
1262,42,129,Undirected,6237
1263,42,132,Undirected,218
1264,42,133,Undirected,4241
1266,43,14,Undirected,167
1267,43,15,Undirected,165
1268,43,16,Undirected,209
1269,43,24,Undirected,420
1270,43,37,Undirected,264
1271,43,38,Undirected,187
1272,43,41,Undirected,283
1273,43,44,Undirected,13511
1274,43,45,Undirected,10877
1275,43,47,Undirected,221
1276,43,51,Undirected,8865
1277,43,53,Undirected,11311
1278,43,54,Undirected,173
1279,43,60,Undirected,235
1280,43,61,Undirected,10618
1281,43,65,Undirected,203
1282,43,71,Undirected,2906
1283,43,72,Undirected,6477
1284,43,87,Undirected,803
1285,43,89,Undirected,213
1286,43,96,Undirected,613
1287,43,103,Undirected,2533
1288,43,117,Undirected,753
1289,43,122,Undirected,4575
1290,43,123,Undirected,8240
1291,43,124,Undirected,6587
1292,43,130,Undirected,3208
1293,43,131,Undirected,6412
1294,43,132,Undirected,2303
1295,43,135,Undirected,259
1296,44,8,Undirected,202
1297,44,9,Undirected,249
1299,44,13,Undirected,229
1300,44,14,Undirected,217
1301,44,16,Undirected,1272
1302,44,18,Undirected,160
1303,44,19,Undirected,831
1304,44,24,Undirected,328
1305,44,26,Undirected,219
1306,44,28,Undirected,250
1307,44,37,Undirected,315
1308,44,38,Undirected,442
1309,44,39,Undirected,177
1310,44,41,Undirected,152
1312,44,45,Undirected,12369
1313,44,51,Undirected,10760
1314,44,53,Undirected,12145
1315,44,54,Undirected,298
1316,44,57,Undirected,202
1317,44,61,Undirected,13964
1318,44,65,Undirected,271
1319,44,67,Undirected,228
1321,44,70,Undirected,156
1322,44,71,Undirected,2606
1323,44,72,Undirected,6212
1324,44,75,Undirected,2126
1325,44,79,Undirected,178
1326,44,81,Undirected,351
1327,44,82,Undirected,158
1328,44,83,Undirected,186
1329,44,87,Undirected,4259
1330,44,90,Undirected,440
1331,44,96,Undirected,4736
1332,44,97,Undirected,7922
1333,44,102,Undirected,158
1334,44,103,Undirected,1408
1335,44,105,Undirected,193
1336,44,107,Undirected,208
1337,44,111,Undirected,414
1338,44,112,Undirected,302
1339,44,117,Undirected,2531
1340,44,122,Undirected,640
1341,44,123,Undirected,9450
1342,44,124,Undirected,11717
1343,44,127,Undirected,887
1344,44,130,Undirected,1304
1345,44,131,Undirected,10142
1346,44,132,Undirected,1181
1347,44,135,Undirected,573
1348,45,3,Undirected,194
1350,45,24,Undirected,241
1353,45,51,Undirected,4518
1354,45,53,Undirected,9768
1355,45,61,Undirected,11578
1356,45,71,Undirected,706
1357,45,73,Undirected,1126
1358,45,87,Undirected,1395
1359,45,93,Undirected,770
1360,45,96,Undirected,3951
1361,45,103,Undirected,2923
1362,45,104,Undirected,6427
1363,45,116,Undirected,925
1364,45,117,Undirected,2539
1365,45,122,Undirected,2125
1366,45,123,Undirected,4355
1367,45,127,Undirected,356
1368,45,130,Undirected,4101
1369,45,132,Undirected,3340
1373,46,25,Undirected,205
1374,46,27,Undirected,171
1378,46,70,Undirected,6232
1379,46,73,Undirected,2206
1380,46,74,Undirected,7207
1381,46,77,Undirected,548
1382,46,83,Undirected,3064
1383,46,87,Undirected,168
1384,46,88,Undirected,3334
1385,46,97,Undirected,4700
1386,46,99,Undirected,225
1387,46,100,Undirected,1042
1388,46,101,Undirected,8789
1389,46,102,Undirected,6587
1390,46,105,Undirected,4210
1391,46,111,Undirected,2388
1392,46,112,Undirected,6627
1393,46,116,Undirected,1249
1394,46,119,Undirected,614
1395,47,14,Undirected,191
1396,47,15,Undirected,473
1398,47,37,Undirected,316
1399,47,38,Undirected,390
1400,47,41,Undirected,547
1401,47,48,Undirected,167
1402,47,49,Undirected,3924
1403,47,50,Undirected,430
1404,47,54,Undirected,8814
1405,47,55,Undirected,2419
1406,47,56,Undirected,2525
1407,47,60,Undirected,10295
1408,47,61,Undirected,602
1409,47,64,Undirected,11282
1410,47,65,Undirected,13173
1411,47,67,Undirected,179
1412,47,68,Undirected,7699
1413,47,78,Undirected,3060
1414,47,79,Undirected,6287
1415,47,89,Undirected,905
1416,47,94,Undirected,590
1417,47,95,Undirected,3244
1418,47,96,Undirected,6302
1419,47,98,Undirected,159
1420,47,99,Undirected,305
1421,47,106,Undirected,3873
1422,47,107,Undirected,8854
1423,47,108,Undirected,6702
1424,47,112,Undirected,371
1425,47,117,Undirected,177
1426,47,122,Undirected,171
1427,48,1,Undirected,178
1428,48,12,Undirected,306
1429,48,24,Undirected,462
1430,48,30,Undirected,187
1431,48,33,Undirected,164
1432,48,37,Undirected,157
1433,48,54,Undirected,189
1434,48,64,Undirected,1002
1435,48,67,Undirected,11087
1436,48,70,Undirected,502
1437,48,79,Undirected,1506
1438,48,80,Undirected,2797
1439,48,84,Undirected,927
1440,48,94,Undirected,3207
1441,48,99,Undirected,203
1442,48,102,Undirected,503
1443,48,109,Undirected,181
1444,48,110,Undirected,2855
1445,48,115,Undirected,3627
1446,48,124,Undirected,1996
1447,48,134,Undirected,1089
1448,49,4,Undirected,967
1450,49,35,Undirected,393
1451,49,37,Undirected,192
1452,49,39,Undirected,989
1453,49,54,Undirected,9994
1454,49,55,Undirected,3667
1455,49,56,Undirected,1307
1456,49,60,Undirected,1655
1457,49,64,Undirected,967
1458,49,65,Undirected,9082
1459,49,68,Undirected,4988
1460,49,78,Undirected,2640
1461,49,88,Undirected,920
1462,49,89,Undirected,767
1463,49,95,Undirected,4872
1464,49,96,Undirected,6797
1465,49,99,Undirected,250
1466,49,106,Undirected,2797
1467,49,107,Undirected,1078
1468,50,13,Undirected,733
1469,50,14,Undirected,664
1471,50,18,Undirected,174
1472,50,24,Undirected,2194
1473,50,30,Undirected,199
1474,50,32,Undirected,396
1475,50,33,Undirected,179
1477,50,35,Undirected,287
1479,50,37,Undirected,430
1480,50,54,Undirected,932
1481,50,61,Undirected,1305
1482,50,63,Undirected,378
1483,50,64,Undirected,346
1484,50,67,Undirected,279
1485,50,70,Undirected,2691
1486,50,71,Undirected,6187
1487,50,75,Undirected,4840
1488,50,76,Undirected,10978
1489,50,77,Undirected,8987
1490,50,79,Undirected,309
1491,50,81,Undirected,3036
1492,50,82,Undirected,34392
1493,50,83,Undirected,8812
1494,50,85,Undirected,246
1495,50,90,Undirected,3749
1496,50,91,Undirected,6717
1497,50,92,Undirected,1541
1498,50,94,Undirected,465
1499,50,96,Undirected,631
1500,50,98,Undirected,891
1501,50,99,Undirected,15156
1502,50,102,Undirected,3704
1503,50,103,Undirected,25982
1504,50,104,Undirected,1570
1505,50,105,Undirected,7867
1506,50,113,Undirected,442
1507,50,114,Undirected,497
1508,50,118,Undirected,4902
1509,50,119,Undirected,8692
1510,50,121,Undirected,624
1511,50,125,Undirected,472
1512,50,131,Undirected,4164
1513,51,5,Undirected,265
1515,51,14,Undirected,552
1516,51,24,Undirected,1309
1517,51,27,Undirected,183
1518,51,32,Undirected,279
1519,51,34,Undirected,277
1520,51,35,Undirected,261
1521,51,37,Undirected,189
1522,51,38,Undirected,253
1523,51,39,Undirected,172
1524,51,41,Undirected,367
1526,51,53,Undirected,2754
1527,51,54,Undirected,252
1528,51,57,Undirected,165
1529,51,60,Undirected,276
1530,51,61,Undirected,8803
1531,51,71,Undirected,1717
1532,51,79,Undirected,184
1533,51,87,Undirected,4131
1534,51,96,Undirected,1262
1535,51,97,Undirected,6222
1536,51,99,Undirected,733
1537,51,103,Undirected,4022
1538,51,112,Undirected,327
1539,51,115,Undirected,276
1540,51,117,Undirected,3944
1541,51,119,Undirected,156
1542,51,122,Undirected,1726
1543,51,123,Undirected,839
1544,51,127,Undirected,393
1545,51,129,Undirected,197
1546,51,130,Undirected,2829
1547,51,132,Undirected,3587
1549,52,20,Undirected,920
1550,52,31,Undirected,922
1551,52,57,Undirected,4356
1552,52,66,Undirected,3198
1553,52,72,Undirected,3162
1554,52,74,Undirected,510
1555,52,85,Undirected,1399
1556,52,93,Undirected,1144
1557,52,99,Undirected,924
1558,52,108,Undirected,679
1559,52,112,Undirected,4731
1560,52,113,Undirected,4263
1561,52,118,Undirected,920
1562,52,121,Undirected,920
1563,52,125,Undirected,2956
1564,52,126,Undirected,3686
1565,52,129,Undirected,1829
1566,53,19,Undirected,1056
1567,53,24,Undirected,502
1568,53,38,Undirected,197
1569,53,41,Undirected,364
1571,53,47,Undirected,190
1572,53,48,Undirected,1986
1573,53,60,Undirected,441
1574,53,61,Undirected,12735
1575,53,65,Undirected,424
1576,53,71,Undirected,1095
1577,53,87,Undirected,3037
1578,53,96,Undirected,2933
1579,53,99,Undirected,164
1580,53,103,Undirected,2179
1581,53,111,Undirected,1053
1582,53,117,Undirected,4823
1583,53,122,Undirected,4208
1584,53,123,Undirected,4779
1585,53,130,Undirected,2579
1586,53,131,Undirected,7822
1587,53,132,Undirected,4014
1588,54,21,Undirected,155
1589,54,27,Undirected,361
1590,54,34,Undirected,369
1591,54,35,Undirected,318
1592,54,39,Undirected,194
1593,54,42,Undirected,228
1594,54,55,Undirected,9564
1595,54,56,Undirected,3240
1596,54,58,Undirected,349
1597,54,60,Undirected,12460
1598,54,64,Undirected,9712
1599,54,65,Undirected,13876
1600,54,66,Undirected,217
1601,54,68,Undirected,10331
1602,54,78,Undirected,2933
1603,54,89,Undirected,640
1604,54,95,Undirected,1954
1605,54,96,Undirected,7822
1606,54,99,Undirected,1598
1607,54,105,Undirected,509
1608,54,106,Undirected,3007
1609,54,107,Undirected,7608
1610,54,109,Undirected,373
1611,54,110,Undirected,480
1612,54,113,Undirected,178
1613,54,114,Undirected,175
1614,54,115,Undirected,1435
1615,54,125,Undirected,416
1616,55,14,Undirected,163
1617,55,15,Undirected,405
1618,55,21,Undirected,168
1620,55,30,Undirected,192
1621,55,32,Undirected,179
1622,55,37,Undirected,248
1623,55,42,Undirected,155
1624,55,50,Undirected,310
1626,55,56,Undirected,2587
1627,55,60,Undirected,785
1628,55,61,Undirected,285
1629,55,63,Undirected,155
1630,55,64,Undirected,4583
1631,55,65,Undirected,2119
1632,55,68,Undirected,1504
1633,55,78,Undirected,2430
1634,55,89,Undirected,2558
1635,55,95,Undirected,1253
1636,55,99,Undirected,294
1637,55,106,Undirected,2237
1638,55,107,Undirected,4320
1639,56,60,Undirected,2296
1640,56,64,Undirected,4743
1641,56,65,Undirected,4633
1642,56,68,Undirected,2031
1643,56,78,Undirected,715
1644,56,89,Undirected,1191
1645,56,95,Undirected,680
1646,56,106,Undirected,2178
1647,56,107,Undirected,4097
1649,57,11,Undirected,236
1656,57,35,Undirected,246
1658,57,42,Undirected,588
1659,57,54,Undirected,154
1660,57,59,Undirected,203
1661,57,64,Undirected,873
1662,57,66,Undirected,1825
1663,57,67,Undirected,168
1664,57,72,Undirected,1302
1665,57,74,Undirected,4583
1666,57,79,Undirected,210
1667,57,85,Undirected,812
1668,57,87,Undirected,231
1669,57,93,Undirected,3422
1670,57,94,Undirected,6987
1671,57,96,Undirected,897
1672,57,98,Undirected,169
1673,57,99,Undirected,516
1674,57,105,Undirected,622
1675,57,108,Undirected,2628
1676,57,109,Undirected,10567
1677,57,112,Undirected,4083
1678,57,113,Undirected,4693
1679,57,125,Undirected,3520
1680,57,126,Undirected,4948
1681,57,129,Undirected,786
1682,57,132,Undirected,642
1683,57,134,Undirected,187
1684,57,135,Undirected,661
1685,58,32,Undirected,233
1686,58,59,Undirected,9746
1687,58,62,Undirected,10434
1688,58,63,Undirected,1464
1689,58,86,Undirected,3549
1690,58,91,Undirected,2136
1691,58,105,Undirected,243
1692,58,109,Undirected,3907
1693,58,110,Undirected,7202
1694,58,114,Undirected,2420
1695,58,115,Undirected,7462
1696,58,120,Undirected,1524
1697,58,126,Undirected,177
1698,58,127,Undirected,4207
1699,58,128,Undirected,14082
1700,58,129,Undirected,6832
1701,58,133,Undirected,4475
1702,58,134,Undirected,6332
1704,59,62,Undirected,9752
1705,59,63,Undirected,4513
1706,59,86,Undirected,3380
1707,59,91,Undirected,1721
1708,59,105,Undirected,850
1709,59,109,Undirected,2589
1710,59,114,Undirected,3936
1711,59,120,Undirected,2265
1712,59,127,Undirected,1443
1713,59,128,Undirected,4084
1714,59,133,Undirected,1059
1716,60,14,Undirected,524
1717,60,15,Undirected,352
1719,60,30,Undirected,157
1720,60,31,Undirected,292
1721,60,35,Undirected,230
1722,60,37,Undirected,561
1723,60,39,Undirected,157
1724,60,48,Undirected,488
1725,60,50,Undirected,340
1727,60,57,Undirected,161
1728,60,58,Undirected,656
1729,60,61,Undirected,730
1730,60,64,Undirected,8152
1731,60,65,Undirected,15960
1732,60,67,Undirected,168
1733,60,68,Undirected,8388
1734,60,78,Undirected,1113
1735,60,79,Undirected,6922
1736,60,83,Undirected,162
1737,60,89,Undirected,1190
1738,60,95,Undirected,2913
1739,60,98,Undirected,368
1740,60,99,Undirected,704
1741,60,105,Undirected,170
1742,60,106,Undirected,4583
1743,60,107,Undirected,9681
1744,60,112,Undirected,601
1745,60,113,Undirected,206
1746,60,114,Undirected,207
1747,60,115,Undirected,194
1748,60,125,Undirected,182
1749,60,128,Undirected,559
1751,61,13,Undirected,357
1752,61,14,Undirected,1660
1753,61,15,Undirected,831
1754,61,16,Undirected,2056
1755,61,24,Undirected,9096
1756,61,30,Undirected,162
1757,61,34,Undirected,296
1758,61,37,Undirected,660
1759,61,42,Undirected,1102
1760,61,48,Undirected,342
1761,61,49,Undirected,264
1762,61,54,Undirected,1509
1763,61,57,Undirected,295
1764,61,64,Undirected,675
1765,61,67,Undirected,294
1766,61,71,Undirected,3055
1767,61,72,Undirected,6167
1768,61,76,Undirected,218
1769,61,77,Undirected,168
1770,61,79,Undirected,421
1771,61,83,Undirected,417
1772,61,85,Undirected,232
1773,61,87,Undirected,3519
1774,61,91,Undirected,250
1775,61,94,Undirected,293
1776,61,96,Undirected,3625
1777,61,98,Undirected,196
1778,61,99,Undirected,3106
1779,61,103,Undirected,4695
1780,61,105,Undirected,162
1781,61,112,Undirected,165
1782,61,113,Undirected,744
1783,61,114,Undirected,780
1784,61,117,Undirected,3434
1785,61,119,Undirected,256
1786,61,121,Undirected,944
1787,61,122,Undirected,3995
1788,61,123,Undirected,13986
1789,61,124,Undirected,10917
1790,61,125,Undirected,252
1791,61,130,Undirected,3662
1792,61,132,Undirected,1915
1793,61,135,Undirected,192
1794,62,1,Undirected,1520
1796,62,9,Undirected,286
1797,62,12,Undirected,547
1798,62,14,Undirected,208
1799,62,16,Undirected,203
1800,62,18,Undirected,639
1801,62,24,Undirected,601
1802,62,25,Undirected,228
1804,62,30,Undirected,178
1806,62,37,Undirected,919
1807,62,38,Undirected,2219
1808,62,39,Undirected,188
1811,62,47,Undirected,205
1812,62,48,Undirected,204
1813,62,49,Undirected,163
1814,62,54,Undirected,979
1815,62,57,Undirected,535
1818,62,60,Undirected,421
1819,62,63,Undirected,1261
1820,62,64,Undirected,348
1821,62,66,Undirected,619
1822,62,67,Undirected,462
1823,62,70,Undirected,225
1824,62,76,Undirected,216
1825,62,79,Undirected,358
1826,62,86,Undirected,3346
1827,62,87,Undirected,6537
1828,62,89,Undirected,283
1829,62,91,Undirected,4067
1830,62,92,Undirected,14607
1831,62,94,Undirected,263
1832,62,98,Undirected,521
1833,62,99,Undirected,176
1834,62,102,Undirected,234
1835,62,105,Undirected,199
1836,62,106,Undirected,338
1837,62,107,Undirected,171
1838,62,108,Undirected,157
1839,62,109,Undirected,5017
1840,62,110,Undirected,7112
1841,62,112,Undirected,904
1842,62,114,Undirected,1652
1843,62,115,Undirected,7792
1844,62,117,Undirected,541
1845,62,119,Undirected,429
1846,62,120,Undirected,2729
1847,62,122,Undirected,595
1848,62,127,Undirected,7567
1849,62,128,Undirected,13205
1850,62,129,Undirected,7162
1851,62,133,Undirected,592
1852,62,134,Undirected,21087
1853,62,135,Undirected,211
1854,63,21,Undirected,197
1855,63,32,Undirected,3579
1856,63,86,Undirected,5085
1857,63,91,Undirected,3924
1858,63,105,Undirected,189
1859,63,109,Undirected,1014
1860,63,114,Undirected,2089
1861,63,120,Undirected,1211
1862,63,125,Undirected,167
1863,63,127,Undirected,4084
1864,63,128,Undirected,9839
1865,63,133,Undirected,1248
1866,64,1,Undirected,644
1867,64,12,Undirected,504
1868,64,16,Undirected,158
1869,64,33,Undirected,474
1870,64,34,Undirected,169
1871,64,35,Undirected,186
1872,64,36,Undirected,200
1874,64,65,Undirected,11238
1875,64,66,Undirected,250
1876,64,68,Undirected,9794
1877,64,78,Undirected,4262
1878,64,89,Undirected,4279
1879,64,91,Undirected,669
1880,64,95,Undirected,3311
1881,64,99,Undirected,471
1882,64,106,Undirected,4910
1883,64,107,Undirected,8316
1884,64,109,Undirected,660
1886,65,14,Undirected,949
1887,65,15,Undirected,403
1888,65,18,Undirected,183
1890,65,31,Undirected,223
1891,65,34,Undirected,221
1892,65,37,Undirected,964
1893,65,38,Undirected,911
1894,65,41,Undirected,912
1896,65,48,Undirected,343
1898,65,50,Undirected,382
1900,65,57,Undirected,166
1902,65,61,Undirected,1825
1903,65,62,Undirected,428
1905,65,66,Undirected,180
1906,65,67,Undirected,841
1907,65,68,Undirected,11045
1908,65,70,Undirected,222
1909,65,72,Undirected,170
1910,65,78,Undirected,1832
1911,65,79,Undirected,6692
1912,65,83,Undirected,266
1913,65,85,Undirected,157
1914,65,89,Undirected,4685
1915,65,91,Undirected,171
1916,65,94,Undirected,255
1917,65,95,Undirected,1369
1918,65,96,Undirected,7302
1919,65,98,Undirected,321
1920,65,99,Undirected,956
1921,65,102,Undirected,241
1922,65,106,Undirected,4657
1923,65,107,Undirected,10941
1924,65,108,Undirected,7207
1925,65,112,Undirected,306
1926,65,117,Undirected,272
1927,65,119,Undirected,368
1928,65,122,Undirected,475
1929,65,125,Undirected,175
1930,65,131,Undirected,189
1931,65,135,Undirected,191
1934,66,35,Undirected,242
1935,66,59,Undirected,152
1936,66,72,Undirected,2376
1937,66,74,Undirected,3817
1938,66,85,Undirected,4065
1939,66,93,Undirected,1008
1940,66,108,Undirected,3534
1941,66,109,Undirected,6217
1942,66,112,Undirected,1921
1943,66,113,Undirected,4564
1944,66,125,Undirected,4141
1945,66,126,Undirected,1389
1946,66,129,Undirected,3357
1947,67,12,Undirected,429
1949,67,33,Undirected,279
1950,67,54,Undirected,290
1951,67,56,Undirected,192
1952,67,64,Undirected,908
1953,67,66,Undirected,186
1954,67,79,Undirected,4460
1955,67,80,Undirected,8830
1956,67,84,Undirected,501
1957,67,94,Undirected,1345
1958,67,96,Undirected,188
1959,67,99,Undirected,267
1960,67,110,Undirected,1279
1961,67,115,Undirected,2236
1962,67,124,Undirected,1024
1963,67,134,Undirected,3416
1964,67,135,Undirected,6312
1965,68,14,Undirected,332
1966,68,15,Undirected,250
1967,68,19,Undirected,200
1969,68,31,Undirected,154
1970,68,37,Undirected,183
1971,68,38,Undirected,323
1972,68,41,Undirected,538
1973,68,43,Undirected,231
1974,68,44,Undirected,185
1976,68,48,Undirected,177
1978,68,58,Undirected,172
1980,68,61,Undirected,461
1981,68,62,Undirected,310
1984,68,67,Undirected,376
1986,68,78,Undirected,2079
1987,68,79,Undirected,8047
1988,68,80,Undirected,287
1989,68,89,Undirected,4831
1990,68,90,Undirected,8617
1991,68,94,Undirected,318
1992,68,95,Undirected,2425
1993,68,99,Undirected,204
1994,68,104,Undirected,510
1995,68,106,Undirected,3458
1996,68,107,Undirected,9510
1997,68,108,Undirected,6652
1998,68,117,Undirected,214
1999,68,123,Undirected,586
2000,68,127,Undirected,1497
2001,68,135,Undirected,306
2088,70,24,Undirected,174
2089,70,29,Undirected,6612
2090,70,39,Undirected,6182
2091,70,64,Undirected,363
2092,70,67,Undirected,3137
2093,70,75,Undirected,4755
2094,70,76,Undirected,2491
2095,70,78,Undirected,7697
2096,70,81,Undirected,5080
2097,70,82,Undirected,1818
2098,70,90,Undirected,2515
2099,70,92,Undirected,3190
2100,70,95,Undirected,196
2101,70,98,Undirected,1402
2102,70,99,Undirected,1360
2103,70,102,Undirected,36597
2104,70,104,Undirected,4438
2105,70,112,Undirected,6662
2106,70,118,Undirected,1046
2107,70,121,Undirected,1334
2108,70,131,Undirected,2862
2109,71,56,Undirected,445
2110,71,87,Undirected,2333
2111,71,96,Undirected,3442
2112,71,103,Undirected,3754
2113,71,117,Undirected,3171
2114,71,122,Undirected,10710
2115,71,123,Undirected,3401
2116,71,125,Undirected,193
2117,71,130,Undirected,2175
2118,71,132,Undirected,2730
2119,72,11,Undirected,11377
2120,72,15,Undirected,157
2124,72,74,Undirected,4218
2125,72,85,Undirected,1678
2126,72,93,Undirected,1352
2127,72,108,Undirected,975
2128,72,112,Undirected,1208
2129,72,113,Undirected,2227
2130,72,124,Undirected,6627
2131,72,125,Undirected,1266
2132,72,126,Undirected,3830
2133,72,129,Undirected,1107
2134,73,1,Undirected,11997
2135,73,3,Undirected,1010
2136,73,4,Undirected,933
2142,73,10,Undirected,1782
2143,73,11,Undirected,280
2144,73,12,Undirected,8407
2145,73,13,Undirected,446
2146,73,14,Undirected,2552
2147,73,15,Undirected,399
2148,73,16,Undirected,11282
2149,73,18,Undirected,1089
2150,73,19,Undirected,488
2151,73,21,Undirected,9362
2154,73,24,Undirected,6251
2155,73,25,Undirected,6142
2156,73,26,Undirected,372
2157,73,27,Undirected,538
2159,73,30,Undirected,12632
2160,73,32,Undirected,8457
2161,73,33,Undirected,9567
2162,73,34,Undirected,690
2163,73,35,Undirected,497
2164,73,37,Undirected,19317
2165,73,38,Undirected,2217
2167,73,41,Undirected,2586
2168,73,42,Undirected,595
2169,73,43,Undirected,565
2170,73,44,Undirected,1211
2172,73,47,Undirected,487
2173,73,48,Undirected,631
2174,73,49,Undirected,2179
2175,73,50,Undirected,798
2176,73,51,Undirected,534
2177,73,52,Undirected,6317
2178,73,53,Undirected,358
2179,73,54,Undirected,2940
2180,73,55,Undirected,150
2181,73,57,Undirected,15732
2182,73,58,Undirected,222
2183,73,59,Undirected,233
2184,73,60,Undirected,644
2185,73,61,Undirected,1276
2186,73,62,Undirected,1576
2187,73,63,Undirected,429
2188,73,64,Undirected,1122
2189,73,65,Undirected,1788
2190,73,66,Undirected,6802
2191,73,67,Undirected,1676
2192,73,68,Undirected,826
2194,73,70,Undirected,1030
2195,73,72,Undirected,194
2196,73,74,Undirected,221
2197,73,75,Undirected,18697
2198,73,76,Undirected,264
2199,73,77,Undirected,1133
2200,73,79,Undirected,1023
2201,73,80,Undirected,284
2202,73,81,Undirected,457
2203,73,82,Undirected,1130
2204,73,83,Undirected,1161
2205,73,84,Undirected,999
2206,73,85,Undirected,291
2207,73,87,Undirected,422
2208,73,88,Undirected,7117
2209,73,89,Undirected,800
2210,73,90,Undirected,1811
2211,73,92,Undirected,226
2212,73,93,Undirected,1508
2213,73,94,Undirected,11792
2214,73,96,Undirected,996
2215,73,97,Undirected,5765
2216,73,98,Undirected,1492
2217,73,99,Undirected,2367
2218,73,100,Undirected,4163
2219,73,101,Undirected,2286
2220,73,102,Undirected,987
2221,73,103,Undirected,678
2222,73,104,Undirected,254
2223,73,105,Undirected,2332
2224,73,106,Undirected,673
2225,73,107,Undirected,374
2226,73,108,Undirected,340
2227,73,109,Undirected,12207
2228,73,110,Undirected,892
2229,73,111,Undirected,3506
2230,73,112,Undirected,1617
2231,73,113,Undirected,6772
2232,73,114,Undirected,7007
2233,73,115,Undirected,1701
2234,73,116,Undirected,9963
2235,73,117,Undirected,2336
2236,73,118,Undirected,925
2237,73,119,Undirected,1152
2238,73,120,Undirected,350
2239,73,122,Undirected,510
2240,73,123,Undirected,3552
2241,73,125,Undirected,3603
2242,73,126,Undirected,6217
2243,73,127,Undirected,35072
2244,73,128,Undirected,156
2245,73,131,Undirected,302
2246,73,132,Undirected,450
2247,73,134,Undirected,159
2248,73,135,Undirected,606
2249,74,39,Undirected,6432
2250,74,85,Undirected,3129
2251,74,93,Undirected,4126
2252,74,108,Undirected,626
2253,74,112,Undirected,7110
2254,74,113,Undirected,1496
2255,74,125,Undirected,2126
2256,74,126,Undirected,1967
2257,74,129,Undirected,1842
2258,75,1,Undirected,6287
2259,75,5,Undirected,342
2260,75,7,Undirected,250
2261,75,8,Undirected,496
2262,75,9,Undirected,783
2263,75,14,Undirected,834
2265,75,18,Undirected,290
2266,75,21,Undirected,7197
2267,75,23,Undirected,288
2268,75,24,Undirected,3129
2269,75,25,Undirected,6692
2270,75,26,Undirected,269
2271,75,27,Undirected,237
2272,75,28,Undirected,316
2273,75,30,Undirected,9127
2274,75,31,Undirected,172
2275,75,32,Undirected,22047
2276,75,33,Undirected,6977
2278,75,35,Undirected,787
2279,75,37,Undirected,9297
2281,75,39,Undirected,327
2282,75,41,Undirected,786
2283,75,42,Undirected,412
2284,75,46,Undirected,566
2285,75,47,Undirected,253
2287,75,51,Undirected,1082
2288,75,54,Undirected,550
2289,75,57,Undirected,7912
2290,75,60,Undirected,188
2291,75,61,Undirected,250
2292,75,62,Undirected,189
2293,75,63,Undirected,3299
2294,75,64,Undirected,254
2295,75,65,Undirected,264
2296,75,67,Undirected,495
2299,75,74,Undirected,300
2300,75,76,Undirected,4822
2301,75,77,Undirected,186
2302,75,79,Undirected,1350
2303,75,80,Undirected,219
2304,75,81,Undirected,2381
2305,75,82,Undirected,3735
2306,75,83,Undirected,611
2307,75,90,Undirected,2175
2308,75,92,Undirected,4205
2309,75,94,Undirected,6907
2310,75,97,Undirected,519
2311,75,98,Undirected,5705
2312,75,99,Undirected,2673
2313,75,102,Undirected,3685
2314,75,103,Undirected,652
2315,75,104,Undirected,4887
2316,75,105,Undirected,504
2317,75,109,Undirected,6147
2318,75,110,Undirected,228
2319,75,112,Undirected,802
2320,75,115,Undirected,553
2321,75,117,Undirected,3383
2322,75,118,Undirected,4943
2323,75,121,Undirected,4442
2324,75,125,Undirected,288
2325,75,127,Undirected,11852
2326,75,128,Undirected,189
2327,75,131,Undirected,2581
2328,75,132,Undirected,273
2329,75,135,Undirected,237
2330,76,24,Undirected,2310
2331,76,30,Undirected,1858
2332,76,37,Undirected,162
2333,76,42,Undirected,381
2334,76,54,Undirected,255
2335,76,64,Undirected,165
2336,76,79,Undirected,353
2337,76,81,Undirected,1407
2338,76,82,Undirected,10251
2339,76,83,Undirected,7587
2340,76,90,Undirected,2172
2341,76,92,Undirected,4679
2342,76,98,Undirected,816
2343,76,99,Undirected,10312
2344,76,102,Undirected,4083
2345,76,103,Undirected,6162
2346,76,104,Undirected,3546
2347,76,105,Undirected,7162
2348,76,113,Undirected,150
2349,76,115,Undirected,340
2350,76,118,Undirected,2342
2351,76,121,Undirected,3110
2352,76,131,Undirected,1324
2353,77,32,Undirected,567
2354,77,83,Undirected,12195
2355,77,88,Undirected,3255
2356,77,97,Undirected,3648
2357,77,100,Undirected,1516
2358,77,101,Undirected,2624
2359,77,105,Undirected,9090
2360,77,111,Undirected,3256
2361,77,116,Undirected,2439
2362,77,119,Undirected,7603
2363,78,89,Undirected,1889
2364,78,95,Undirected,2825
2365,78,106,Undirected,3721
2366,78,107,Undirected,3854
2367,79,1,Undirected,180
2368,79,13,Undirected,6227
2369,79,21,Undirected,153
2370,79,27,Undirected,190
2371,79,33,Undirected,174
2372,79,35,Undirected,164
2373,79,54,Undirected,12217
2374,79,64,Undirected,6732
2375,79,80,Undirected,4539
2376,79,84,Undirected,3680
2377,79,94,Undirected,2000
2378,79,96,Undirected,6422
2379,79,99,Undirected,381
2380,79,103,Undirected,245
2381,79,105,Undirected,159
2382,79,109,Undirected,162
2383,79,110,Undirected,3842
2384,79,115,Undirected,1476
2385,79,124,Undirected,2483
2386,79,125,Undirected,408
2387,79,134,Undirected,1749
2388,79,135,Undirected,366
2391,80,24,Undirected,1427
2393,80,37,Undirected,165
2394,80,41,Undirected,326
2395,80,47,Undirected,219
2396,80,61,Undirected,557
2397,80,65,Undirected,445
2400,80,70,Undirected,171
2402,80,84,Undirected,846
2403,80,94,Undirected,3054
2404,80,98,Undirected,463
2405,80,99,Undirected,185
2406,80,102,Undirected,180
2407,80,103,Undirected,563
2408,80,110,Undirected,3814
2409,80,115,Undirected,4617
2410,80,117,Undirected,426
2411,80,124,Undirected,3531
2412,80,127,Undirected,305
2413,80,134,Undirected,2833
2414,81,13,Undirected,321
2415,81,14,Undirected,7942
2416,81,18,Undirected,6272
2417,81,19,Undirected,13202
2418,81,24,Undirected,750
2419,81,26,Undirected,16252
2421,81,43,Undirected,419
2422,81,48,Undirected,6342
2424,81,51,Undirected,647
2425,81,53,Undirected,305
2426,81,54,Undirected,212
2427,81,61,Undirected,1912
2428,81,65,Undirected,164
2429,81,67,Undirected,6762
2433,81,79,Undirected,358
2434,81,80,Undirected,8532
2435,81,82,Undirected,4225
2436,81,90,Undirected,4211
2437,81,92,Undirected,4263
2438,81,98,Undirected,1787
2439,81,99,Undirected,827
2440,81,102,Undirected,797
2441,81,103,Undirected,195
2442,81,104,Undirected,513
2443,81,117,Undirected,903
2444,81,118,Undirected,1232
2445,81,121,Undirected,4706
2446,81,125,Undirected,6507
2447,81,127,Undirected,458
2448,81,131,Undirected,2783
2449,82,8,Undirected,206
2450,82,13,Undirected,271
2451,82,14,Undirected,777
2453,82,16,Undirected,160
2454,82,18,Undirected,152
2455,82,19,Undirected,376
2456,82,24,Undirected,4328
2457,82,26,Undirected,309
2459,82,35,Undirected,185
2461,82,37,Undirected,371
2463,82,39,Undirected,302
2464,82,41,Undirected,338
2465,82,43,Undirected,705
2467,82,54,Undirected,883
2468,82,56,Undirected,213
2469,82,60,Undirected,309
2470,82,61,Undirected,1723
2471,82,64,Undirected,245
2473,82,71,Undirected,6397
2476,82,77,Undirected,7152
2477,82,79,Undirected,374
2478,82,80,Undirected,603
2480,82,83,Undirected,9077
2481,82,85,Undirected,260
2482,82,89,Undirected,181
2483,82,90,Undirected,3259
2484,82,91,Undirected,6347
2485,82,92,Undirected,3749
2486,82,94,Undirected,253
2487,82,96,Undirected,555
2488,82,98,Undirected,2373
2489,82,99,Undirected,14724
2490,82,102,Undirected,1631
2491,82,103,Undirected,39437
2492,82,104,Undirected,2637
2493,82,105,Undirected,10472
2494,82,107,Undirected,156
2495,82,108,Undirected,170
2496,82,112,Undirected,329
2497,82,113,Undirected,242
2498,82,114,Undirected,164
2499,82,117,Undirected,271
2500,82,118,Undirected,3890
2501,82,119,Undirected,7972
2502,82,121,Undirected,4729
2503,82,122,Undirected,6132
2504,82,125,Undirected,1012
2505,82,127,Undirected,1702
2506,82,131,Undirected,4998
2508,83,54,Undirected,310
2509,83,63,Undirected,155
2510,83,64,Undirected,241
2511,83,67,Undirected,154
2513,83,87,Undirected,156
2514,83,88,Undirected,2362
2515,83,97,Undirected,3591
2516,83,99,Undirected,7872
2517,83,100,Undirected,11096
2518,83,101,Undirected,1865
2519,83,103,Undirected,6892
2520,83,105,Undirected,4677
2521,83,111,Undirected,3805
2522,83,116,Undirected,4028
2523,83,119,Undirected,8054
2524,83,125,Undirected,284
2525,83,135,Undirected,151
2526,84,5,Undirected,6312
2527,84,8,Undirected,6542
2528,84,11,Undirected,159
2530,84,16,Undirected,703
2532,84,22,Undirected,36452
2533,84,24,Undirected,804
2534,84,37,Undirected,291
2535,84,39,Undirected,6897
2536,84,41,Undirected,358
2537,84,46,Undirected,6232
2538,84,47,Undirected,207
2539,84,51,Undirected,172
2540,84,54,Undirected,171
2541,84,57,Undirected,454
2542,84,60,Undirected,253
2543,84,61,Undirected,421
2544,84,64,Undirected,246
2545,84,65,Undirected,192
2547,84,75,Undirected,534
2549,84,82,Undirected,467
2550,84,94,Undirected,3731
2551,84,98,Undirected,6317
2552,84,99,Undirected,292
2553,84,103,Undirected,180
2554,84,110,Undirected,658
2555,84,112,Undirected,7352
2556,84,115,Undirected,2496
2557,84,117,Undirected,7392
2558,84,123,Undirected,212
2559,84,124,Undirected,896
2560,84,125,Undirected,211
2561,84,126,Undirected,683
2562,84,127,Undirected,629
2563,84,134,Undirected,2299
2565,85,14,Undirected,6497
2566,85,24,Undirected,490
2568,85,54,Undirected,201
2569,85,67,Undirected,6277
2570,85,93,Undirected,3419
2571,85,99,Undirected,239
2572,85,108,Undirected,5161
2573,85,109,Undirected,521
2574,85,112,Undirected,833
2575,85,113,Undirected,971
2576,85,114,Undirected,326
2577,85,119,Undirected,545
2578,85,125,Undirected,10928
2579,85,126,Undirected,1871
2580,85,129,Undirected,4386
2581,85,135,Undirected,6292
2582,86,1,Undirected,7212
2584,86,3,Undirected,778
2585,86,5,Undirected,366
2586,86,8,Undirected,407
2587,86,9,Undirected,321
2588,86,10,Undirected,348
2589,86,12,Undirected,6822
2590,86,13,Undirected,336
2591,86,14,Undirected,790
2592,86,15,Undirected,209
2593,86,16,Undirected,10002
2594,86,17,Undirected,2386
2595,86,18,Undirected,610
2596,86,21,Undirected,7877
2597,86,22,Undirected,421
2598,86,23,Undirected,267
2599,86,24,Undirected,5029
2600,86,25,Undirected,6197
2601,86,26,Undirected,342
2603,86,28,Undirected,346
2604,86,30,Undirected,20952
2605,86,32,Undirected,6837
2606,86,33,Undirected,8537
2607,86,34,Undirected,432
2609,86,37,Undirected,12657
2610,86,38,Undirected,1485
2611,86,39,Undirected,329
2614,86,43,Undirected,289
2615,86,44,Undirected,1084
2616,86,45,Undirected,1547
2617,86,46,Undirected,206
2618,86,47,Undirected,231
2619,86,50,Undirected,895
2620,86,51,Undirected,234
2621,86,54,Undirected,3473
2622,86,55,Undirected,551
2623,86,57,Undirected,12492
2626,86,60,Undirected,240
2627,86,61,Undirected,546
2630,86,64,Undirected,300
2631,86,65,Undirected,639
2632,86,66,Undirected,6157
2633,86,67,Undirected,509
2635,86,70,Undirected,170
2636,86,73,Undirected,24362
2637,86,75,Undirected,13587
2638,86,76,Undirected,1401
2639,86,79,Undirected,446
2640,86,81,Undirected,350
2641,86,82,Undirected,196
2642,86,84,Undirected,292
2643,86,87,Undirected,276
2644,86,90,Undirected,424
2645,86,91,Undirected,994
2646,86,93,Undirected,892
2647,86,94,Undirected,9162
2648,86,96,Undirected,285
2649,86,97,Undirected,540
2650,86,98,Undirected,845
2651,86,99,Undirected,954
2652,86,100,Undirected,1063
2653,86,102,Undirected,159
2654,86,103,Undirected,310
2655,86,104,Undirected,207
2656,86,105,Undirected,873
2657,86,109,Undirected,10336
2658,86,110,Undirected,815
2659,86,112,Undirected,365
2660,86,114,Undirected,3781
2661,86,115,Undirected,1299
2662,86,116,Undirected,2293
2663,86,117,Undirected,864
2664,86,120,Undirected,3616
2665,86,121,Undirected,183
2666,86,122,Undirected,254
2667,86,123,Undirected,304
2668,86,125,Undirected,357
2669,86,127,Undirected,39390
2670,86,128,Undirected,899
2671,86,129,Undirected,211
2672,86,131,Undirected,930
2673,86,132,Undirected,449
2674,86,133,Undirected,7204
2675,86,134,Undirected,170
2676,86,135,Undirected,693
2677,87,59,Undirected,7737
2678,87,96,Undirected,3323
2679,87,103,Undirected,4119
2680,87,105,Undirected,912
2681,87,117,Undirected,3920
2682,87,122,Undirected,679
2683,87,123,Undirected,4775
2684,87,130,Undirected,4122
2685,87,132,Undirected,2687
2686,87,134,Undirected,6467
2687,88,97,Undirected,1297
2688,88,100,Undirected,3254
2689,88,101,Undirected,2092
2690,88,105,Undirected,3218
2691,88,111,Undirected,2009
2692,88,116,Undirected,3498
2693,88,119,Undirected,3426
2695,89,37,Undirected,217
2696,89,39,Undirected,6777
2697,89,57,Undirected,266
2698,89,67,Undirected,186
2699,89,94,Undirected,269
2700,89,95,Undirected,2468
2701,89,101,Undirected,7237
2702,89,106,Undirected,15737
2703,89,107,Undirected,2892
2704,89,112,Undirected,7917
2705,90,1,Undirected,248
2706,90,5,Undirected,320
2707,90,12,Undirected,516
2708,90,13,Undirected,7662
2709,90,14,Undirected,883
2711,90,16,Undirected,174
2712,90,19,Undirected,1012
2713,90,23,Undirected,442
2714,90,24,Undirected,17422
2715,90,26,Undirected,374
2716,90,30,Undirected,164
2717,90,31,Undirected,164
2718,90,33,Undirected,262
2720,90,37,Undirected,356
2722,90,41,Undirected,254
2723,90,43,Undirected,392
2724,90,47,Undirected,8737
2725,90,48,Undirected,1256
2726,90,49,Undirected,6947
2728,90,51,Undirected,180
2729,90,53,Undirected,499
2730,90,54,Undirected,8987
2731,90,57,Undirected,188
2732,90,60,Undirected,7577
2733,90,61,Undirected,2010
2734,90,62,Undirected,226
2735,90,64,Undirected,16717
2736,90,65,Undirected,11687
2737,90,66,Undirected,173
2738,90,67,Undirected,5759
2742,90,79,Undirected,7142
2743,90,80,Undirected,291
2746,90,83,Undirected,338
2747,90,85,Undirected,313
2748,90,89,Undirected,237
2749,90,91,Undirected,2140
2750,90,92,Undirected,3370
2751,90,94,Undirected,363
2752,90,96,Undirected,7867
2753,90,98,Undirected,3902
2754,90,99,Undirected,2683
2755,90,102,Undirected,1651
2756,90,103,Undirected,341
2757,90,104,Undirected,4783
2758,90,107,Undirected,7597
2759,90,108,Undirected,7507
2760,90,109,Undirected,198
2761,90,112,Undirected,434
2762,90,117,Undirected,250
2763,90,118,Undirected,4419
2764,90,119,Undirected,631
2765,90,121,Undirected,2922
2766,90,122,Undirected,457
2767,90,123,Undirected,309
2768,90,125,Undirected,163
2769,90,127,Undirected,2587
2770,90,131,Undirected,4331
2771,90,135,Undirected,164
2772,91,109,Undirected,2898
2773,91,114,Undirected,1949
2774,91,120,Undirected,4523
2775,91,127,Undirected,2265
2776,91,128,Undirected,3592
2777,91,133,Undirected,2693
2778,92,2,Undirected,8872
2779,92,98,Undirected,3948
2780,92,99,Undirected,2910
2781,92,102,Undirected,1714
2782,92,104,Undirected,3196
2783,92,118,Undirected,4357
2784,92,121,Undirected,3141
2785,92,131,Undirected,2261
2786,93,5,Undirected,177
2787,93,6,Undirected,206
2788,93,10,Undirected,1311
2789,93,14,Undirected,180
2790,93,18,Undirected,272
2791,93,24,Undirected,896
2792,93,28,Undirected,208
2796,93,34,Undirected,6297
2797,93,36,Undirected,6597
2799,93,38,Undirected,8027
2800,93,41,Undirected,372
2801,93,44,Undirected,277
2802,93,48,Undirected,164
2803,93,50,Undirected,6522
2804,93,53,Undirected,251
2805,93,54,Undirected,169
2807,93,61,Undirected,217
2808,93,62,Undirected,202
2809,93,64,Undirected,737
2810,93,65,Undirected,176
2811,93,67,Undirected,223
2812,93,68,Undirected,407
2814,93,75,Undirected,202
2815,93,82,Undirected,6407
2816,93,89,Undirected,230
2817,93,90,Undirected,534
2818,93,91,Undirected,6632
2819,93,97,Undirected,217
2820,93,98,Undirected,173
2821,93,99,Undirected,6512
2822,93,105,Undirected,7377
2823,93,106,Undirected,209
2824,93,108,Undirected,953
2825,93,112,Undirected,3464
2826,93,113,Undirected,1449
2827,93,119,Undirected,6492
2828,93,122,Undirected,6327
2829,93,123,Undirected,187
2830,93,125,Undirected,3120
2831,93,126,Undirected,3092
2832,93,127,Undirected,961
2833,93,129,Undirected,2102
2834,94,12,Undirected,7662
2835,94,39,Undirected,150
2836,94,54,Undirected,401
2837,94,64,Undirected,202
2839,94,99,Undirected,184
2840,94,110,Undirected,2083
2841,94,113,Undirected,6192
2842,94,114,Undirected,6307
2843,94,115,Undirected,3610
2844,94,124,Undirected,632
2845,94,134,Undirected,3669
2846,95,29,Undirected,413
2848,95,106,Undirected,3463
2849,95,107,Undirected,1487
2850,96,21,Undirected,228
2851,96,34,Undirected,468
2852,96,103,Undirected,4399
2853,96,117,Undirected,1069
2854,96,122,Undirected,869
2855,96,123,Undirected,2116
2856,96,125,Undirected,954
2857,96,130,Undirected,3727
2858,96,132,Undirected,3039
2863,97,14,Undirected,294
2864,97,18,Undirected,655
2865,97,27,Undirected,158
2868,97,74,Undirected,235
2869,97,89,Undirected,272
2870,97,100,Undirected,2863
2871,97,101,Undirected,3790
2872,97,105,Undirected,3673
2873,97,106,Undirected,282
2874,97,111,Undirected,2589
2875,97,112,Undirected,230
2876,97,116,Undirected,4961
2877,97,117,Undirected,1000
2878,97,119,Undirected,662
2879,97,131,Undirected,6817
2880,97,135,Undirected,252
2881,98,21,Undirected,250
2882,98,27,Undirected,324
2883,98,32,Undirected,352
2884,98,42,Undirected,230
2885,98,54,Undirected,880
2886,98,58,Undirected,321
2887,98,63,Undirected,381
2888,98,64,Undirected,186
2889,98,79,Undirected,606
2890,98,83,Undirected,343
2891,98,99,Undirected,2204
2892,98,102,Undirected,3239
2893,98,104,Undirected,1578
2894,98,105,Undirected,188
2895,98,110,Undirected,522
2896,98,115,Undirected,897
2897,98,118,Undirected,1356
2898,98,121,Undirected,4045
2899,98,128,Undirected,411
2900,98,131,Undirected,4680
2901,98,132,Undirected,233
2902,99,1,Undirected,403
2903,99,16,Undirected,1280
2904,99,21,Undirected,552
2905,99,31,Undirected,989
2906,99,32,Undirected,1203
2908,99,35,Undirected,1532
2909,99,42,Undirected,232
2910,99,58,Undirected,309
2911,99,63,Undirected,971
2912,99,66,Undirected,178
2913,99,77,Undirected,6672
2914,99,78,Undirected,216
2915,99,91,Undirected,7157
2916,99,96,Undirected,459
2917,99,102,Undirected,2383
2918,99,103,Undirected,8817
2919,99,104,Undirected,2039
2920,99,105,Undirected,7707
2921,99,109,Undirected,543
2922,99,113,Undirected,321
2923,99,114,Undirected,320
2924,99,115,Undirected,313
2925,99,118,Undirected,1062
2926,99,121,Undirected,3844
2927,99,125,Undirected,792
2928,99,129,Undirected,240
2929,99,131,Undirected,4091
2930,99,132,Undirected,7802
2931,100,14,Undirected,198
2932,100,18,Undirected,393
2933,100,21,Undirected,1282
2934,100,24,Undirected,1520
2935,100,30,Undirected,256
2936,100,34,Undirected,6207
2937,100,35,Undirected,448
2938,100,37,Undirected,1278
2939,100,38,Undirected,7282
2940,100,41,Undirected,710
2941,100,42,Undirected,1023
2942,100,50,Undirected,6432
2943,100,54,Undirected,293
2944,100,57,Undirected,1364
2945,100,76,Undirected,7072
2946,100,79,Undirected,201
2947,100,82,Undirected,6137
2949,100,96,Undirected,711
2950,100,98,Undirected,153
2951,100,99,Undirected,7642
2952,100,101,Undirected,3385
2953,100,105,Undirected,8192
2954,100,111,Undirected,1287
2955,100,116,Undirected,1889
2956,100,119,Undirected,3316
2957,100,123,Undirected,346
2958,100,125,Undirected,323
2959,100,127,Undirected,780
2960,100,132,Undirected,10122
2962,101,105,Undirected,1553
2963,101,111,Undirected,3949
2964,101,116,Undirected,4912
2965,101,119,Undirected,2826
2966,101,120,Undirected,7022
2967,102,24,Undirected,170
2968,102,30,Undirected,180
2969,102,64,Undirected,350
2970,102,67,Undirected,3047
2972,102,78,Undirected,7697
2973,102,95,Undirected,195
2974,102,104,Undirected,4410
2975,102,112,Undirected,6607
2976,102,118,Undirected,1099
2977,102,121,Undirected,1954
2978,102,131,Undirected,3099
2979,103,32,Undirected,177
2980,103,34,Undirected,6332
2981,103,63,Undirected,177
2982,103,77,Undirected,6737
2983,103,91,Undirected,6557
2985,103,105,Undirected,8447
2986,103,117,Undirected,737
2987,103,122,Undirected,4947
2988,103,123,Undirected,2375
2989,103,125,Undirected,151
2990,103,130,Undirected,1455
2991,103,132,Undirected,1810
2992,104,3,Undirected,233
2993,104,43,Undirected,6592
2994,104,44,Undirected,7782
2995,104,118,Undirected,1947
2996,104,121,Undirected,784
2997,104,123,Undirected,8182
2998,104,131,Undirected,2520
2999,105,1,Undirected,311
3000,105,2,Undirected,222
3001,105,32,Undirected,327
3002,105,110,Undirected,266
3003,105,111,Undirected,697
3004,105,113,Undirected,215
3005,105,116,Undirected,5079
3006,105,119,Undirected,1308
3007,105,126,Undirected,186
3008,106,39,Undirected,6402
3009,106,101,Undirected,7202
3010,106,107,Undirected,2278
3011,106,112,Undirected,9042
3013,107,27,Undirected,182
3014,107,37,Undirected,201
3017,107,61,Undirected,261
3019,107,67,Undirected,180
3020,107,85,Undirected,150
3022,107,99,Undirected,170
3023,107,108,Undirected,6687
3024,107,109,Undirected,168
3025,107,112,Undirected,481
3026,107,117,Undirected,238
3027,107,122,Undirected,348
3028,107,135,Undirected,199
3029,108,13,Undirected,6647
3030,108,14,Undirected,216
3031,108,24,Undirected,7887
3033,108,48,Undirected,197
3034,108,50,Undirected,486
3035,108,54,Undirected,6377
3037,108,60,Undirected,6832
3038,108,61,Undirected,702
3039,108,64,Undirected,6217
3040,108,67,Undirected,155
3043,108,94,Undirected,331
3044,108,99,Undirected,159
3045,108,112,Undirected,1910
3046,108,113,Undirected,2969
3047,108,117,Undirected,150
3048,108,125,Undirected,3638
3049,108,126,Undirected,655
3050,108,129,Undirected,4677
3051,109,1,Undirected,39727
3053,109,92,Undirected,654
3054,109,114,Undirected,1535
3055,109,120,Undirected,3458
3056,109,127,Undirected,14575
3057,109,128,Undirected,2659
3058,109,133,Undirected,2213
3059,109,134,Undirected,336
3060,110,115,Undirected,25117
3061,110,124,Undirected,2601
3062,110,134,Undirected,538
3063,111,116,Undirected,2564
3064,111,119,Undirected,836
3065,112,6,Undirected,8122
3066,112,7,Undirected,6312
3067,112,13,Undirected,215
3068,112,15,Undirected,195
3069,112,27,Undirected,245
3070,112,39,Undirected,7797
3071,112,54,Undirected,238
3072,112,67,Undirected,324
3074,112,83,Undirected,186
3075,112,94,Undirected,296
3076,112,98,Undirected,6132
3077,112,101,Undirected,6992
3078,112,113,Undirected,2995
3079,112,125,Undirected,2452
3080,112,126,Undirected,4672
3081,112,129,Undirected,3359
3082,112,135,Undirected,412
3083,113,125,Undirected,1934
3084,113,126,Undirected,4059
3085,113,129,Undirected,4035
3086,114,105,Undirected,237
3087,114,113,Undirected,25277
3088,114,120,Undirected,2143
3089,114,127,Undirected,13259
3090,114,128,Undirected,3304
3091,114,133,Undirected,3195
3092,115,63,Undirected,6132
3093,115,105,Undirected,294
3095,115,124,Undirected,1205
3096,115,125,Undirected,256
3097,115,134,Undirected,2109
3098,116,1,Undirected,1095
3099,116,2,Undirected,296
3100,116,3,Undirected,11202
3105,116,10,Undirected,781
3106,116,11,Undirected,869
3107,116,12,Undirected,633
3108,116,13,Undirected,504
3109,116,14,Undirected,12122
3110,116,15,Undirected,317
3111,116,16,Undirected,481
3112,116,18,Undirected,7952
3113,116,19,Undirected,10427
3114,116,21,Undirected,499
3117,116,24,Undirected,3342
3118,116,26,Undirected,7817
3119,116,27,Undirected,481
3121,116,30,Undirected,788
3122,116,31,Undirected,6257
3123,116,32,Undirected,253
3124,116,33,Undirected,715
3125,116,34,Undirected,314
3126,116,35,Undirected,184
3127,116,36,Undirected,457
3128,116,37,Undirected,2298
3129,116,38,Undirected,2432
3131,116,41,Undirected,2820
3132,116,43,Undirected,462
3133,116,44,Undirected,758
3135,116,47,Undirected,377
3136,116,48,Undirected,9077
3137,116,49,Undirected,195
3138,116,50,Undirected,808
3139,116,51,Undirected,415
3140,116,53,Undirected,733
3141,116,54,Undirected,1401
3142,116,56,Undirected,246
3143,116,57,Undirected,1000
3144,116,58,Undirected,268
3145,116,59,Undirected,202
3146,116,60,Undirected,875
3147,116,61,Undirected,1427
3148,116,62,Undirected,1089
3149,116,64,Undirected,1135
3150,116,65,Undirected,968
3151,116,66,Undirected,173
3152,116,67,Undirected,9012
3153,116,68,Undirected,339
3155,116,70,Undirected,332
3156,116,71,Undirected,156
3157,116,72,Undirected,1170
3159,116,75,Undirected,1257
3160,116,76,Undirected,171
3162,116,79,Undirected,926
3163,116,80,Undirected,6432
3164,116,81,Undirected,8302
3165,116,82,Undirected,974
3167,116,84,Undirected,493
3168,116,85,Undirected,9347
3169,116,90,Undirected,1358
3170,116,91,Undirected,230
3171,116,92,Undirected,259
3172,116,93,Undirected,1284
3173,116,94,Undirected,617
3174,116,96,Undirected,238
3176,116,98,Undirected,3354
3177,116,99,Undirected,1361
3179,116,102,Undirected,333
3180,116,103,Undirected,282
3181,116,104,Undirected,172
3183,116,107,Undirected,456
3184,116,108,Undirected,312
3185,116,109,Undirected,1068
3186,116,110,Undirected,306
3187,116,112,Undirected,571
3188,116,113,Undirected,387
3189,116,114,Undirected,397
3190,116,115,Undirected,906
3191,116,117,Undirected,609
3192,116,119,Undirected,5527
3193,116,122,Undirected,979
3194,116,123,Undirected,803
3195,116,125,Undirected,10652
3196,116,127,Undirected,6132
3197,116,128,Undirected,385
3198,116,131,Undirected,234
3199,116,132,Undirected,306
3200,116,134,Undirected,239
3201,116,135,Undirected,6852
3202,117,6,Undirected,6482
3203,117,8,Undirected,10237
3204,117,9,Undirected,10062
3205,117,13,Undirected,247
3206,117,14,Undirected,489
3207,117,18,Undirected,802
3208,117,24,Undirected,803
3209,117,25,Undirected,235
3210,117,27,Undirected,389
3211,117,28,Undirected,7237
3212,117,29,Undirected,6652
3213,117,30,Undirected,164
3214,117,35,Undirected,209
3215,117,37,Undirected,264
3216,117,39,Undirected,8962
3217,117,46,Undirected,10032
3218,117,54,Undirected,874
3219,117,57,Undirected,220
3220,117,67,Undirected,518
3221,117,70,Undirected,9157
3222,117,74,Undirected,7202
3223,117,78,Undirected,7727
3224,117,79,Undirected,531
3225,117,83,Undirected,156
3226,117,89,Undirected,6907
3227,117,95,Undirected,239
3228,117,98,Undirected,6872
3229,117,99,Undirected,323
3230,117,101,Undirected,7287
3231,117,102,Undirected,9042
3232,117,106,Undirected,6667
3233,117,110,Undirected,164
3234,117,112,Undirected,11292
3235,117,115,Undirected,591
3236,117,122,Undirected,4873
3237,117,123,Undirected,3132
3238,117,128,Undirected,161
3239,117,130,Undirected,3605
3240,117,132,Undirected,1315
3241,118,121,Undirected,3592
3242,118,131,Undirected,2924
3243,119,15,Undirected,6302
3244,119,34,Undirected,6162
3245,119,35,Undirected,277
3246,119,54,Undirected,310
3247,119,58,Undirected,160
3248,119,64,Undirected,186
3249,119,66,Undirected,277
3252,119,99,Undirected,8777
3253,119,103,Undirected,7752
3254,119,112,Undirected,366
3255,119,113,Undirected,151
3256,119,114,Undirected,171
3257,120,127,Undirected,740
3258,120,128,Undirected,3504
3259,120,133,Undirected,2156
3260,121,131,Undirected,3837
3261,122,2,Undirected,215
3262,122,14,Undirected,167
3263,122,15,Undirected,6517
3264,122,24,Undirected,748
3265,122,33,Undirected,191
3266,122,34,Undirected,6177
3267,122,36,Undirected,6292
3268,122,37,Undirected,289
3269,122,48,Undirected,192
3270,122,50,Undirected,6552
3271,122,54,Undirected,661
3272,122,56,Undirected,209
3273,122,60,Undirected,230
3275,122,64,Undirected,249
3276,122,66,Undirected,165
3277,122,67,Undirected,323
3279,122,83,Undirected,6467
3280,122,85,Undirected,235
3281,122,91,Undirected,6172
3282,122,92,Undirected,224
3284,122,99,Undirected,7297
3285,122,112,Undirected,333
3286,122,119,Undirected,6792
3287,122,123,Undirected,4121
3288,122,130,Undirected,1492
3289,122,132,Undirected,3689
3290,123,1,Undirected,173
3291,123,4,Undirected,943
3292,123,12,Undirected,278
3293,123,14,Undirected,448
3294,123,15,Undirected,243
3295,123,18,Undirected,380
3296,123,19,Undirected,336
3297,123,21,Undirected,480
3298,123,24,Undirected,1428
3299,123,35,Undirected,161
3300,123,37,Undirected,671
3301,123,38,Undirected,850
3302,123,39,Undirected,1019
3304,123,41,Undirected,1101
3305,123,42,Undirected,227
3307,123,47,Undirected,452
3308,123,49,Undirected,1040
3309,123,50,Undirected,547
3310,123,54,Undirected,585
3311,123,57,Undirected,970
3312,123,58,Undirected,213
3313,123,60,Undirected,236
3315,123,62,Undirected,365
3316,123,64,Undirected,199
3317,123,65,Undirected,185
3318,123,66,Undirected,153
3319,123,67,Undirected,270
3320,123,76,Undirected,304
3321,123,79,Undirected,370
3322,123,88,Undirected,10222
3323,123,91,Undirected,242
3324,123,94,Undirected,1322
3325,123,98,Undirected,150
3326,123,99,Undirected,400
3327,123,105,Undirected,215
3328,123,108,Undirected,422
3329,123,109,Undirected,235
3330,123,112,Undirected,173
3331,123,115,Undirected,221
3334,123,125,Undirected,157
3335,123,127,Undirected,1331
3336,123,130,Undirected,2028
3337,123,132,Undirected,2871
3338,123,135,Undirected,266
3339,124,11,Undirected,9432
3340,124,16,Undirected,1143
3341,124,134,Undirected,2873
3345,125,105,Undirected,210
3346,125,126,Undirected,2546
3347,125,129,Undirected,660
3348,126,129,Undirected,3348
3349,127,1,Undirected,10972
3351,127,5,Undirected,760
3352,127,6,Undirected,154
3353,127,8,Undirected,423
3354,127,9,Undirected,296
3355,127,12,Undirected,10542
3356,127,13,Undirected,546
3357,127,14,Undirected,1693
3358,127,15,Undirected,904
3359,127,16,Undirected,14552
3360,127,18,Undirected,799
3361,127,19,Undirected,891
3362,127,21,Undirected,8907
3363,127,24,Undirected,10360
3364,127,25,Undirected,8007
3366,127,28,Undirected,182
3367,127,30,Undirected,12187
3368,127,31,Undirected,214
3369,127,32,Undirected,8622
3370,127,33,Undirected,14387
3371,127,34,Undirected,609
3373,127,36,Undirected,314
3374,127,37,Undirected,25507
3375,127,38,Undirected,5295
3376,127,39,Undirected,268
3379,127,43,Undirected,695
3380,127,46,Undirected,220
3381,127,47,Undirected,742
3382,127,48,Undirected,713
3383,127,49,Undirected,574
3384,127,50,Undirected,2077
3385,127,52,Undirected,6272
3386,127,53,Undirected,333
3387,127,54,Undirected,2652
3388,127,55,Undirected,821
3389,127,56,Undirected,324
3390,127,57,Undirected,25312
3393,127,60,Undirected,1388
3394,127,61,Undirected,2313
3397,127,64,Undirected,1849
3398,127,65,Undirected,1726
3399,127,66,Undirected,10022
3400,127,67,Undirected,1520
3401,127,70,Undirected,247
3402,127,71,Undirected,169
3403,127,72,Undirected,751
3404,127,74,Undirected,183
3405,127,76,Undirected,2808
3406,127,77,Undirected,275
3407,127,79,Undirected,841
3408,127,83,Undirected,658
3409,127,85,Undirected,590
3410,127,87,Undirected,341
3411,127,89,Undirected,343
3413,127,92,Undirected,322
3414,127,94,Undirected,11577
3415,127,96,Undirected,440
3416,127,97,Undirected,767
3417,127,98,Undirected,1117
3418,127,99,Undirected,1934
3419,127,102,Undirected,228
3420,127,103,Undirected,1397
3421,127,105,Undirected,2272
3422,127,106,Undirected,470
3423,127,107,Undirected,412
3424,127,108,Undirected,786
3426,127,110,Undirected,370
3427,127,112,Undirected,945
3428,127,113,Undirected,8612
3430,127,115,Undirected,980
3431,127,117,Undirected,880
3432,127,119,Undirected,1148
3433,127,122,Undirected,1644
3434,127,124,Undirected,201
3435,127,125,Undirected,939
3436,127,128,Undirected,2736
3437,127,129,Undirected,336
3438,127,131,Undirected,463
3439,127,132,Undirected,479
3440,127,133,Undirected,1650
3441,127,134,Undirected,787
3442,127,135,Undirected,586
3443,128,1,Undirected,154
3445,128,32,Undirected,171
3446,128,34,Undirected,171
3448,128,54,Undirected,209
3451,128,99,Undirected,160
3452,128,115,Undirected,7032
3453,128,129,Undirected,6542
3454,128,133,Undirected,3353
3455,128,134,Undirected,6157
3456,130,132,Undirected,4224
3457,131,14,Undirected,167
3458,131,16,Undirected,234
3459,131,24,Undirected,519
3460,131,37,Undirected,170
3461,131,56,Undirected,332
3462,131,61,Undirected,7207
3463,131,71,Undirected,327
3464,131,111,Undirected,311
3465,132,21,Undirected,3073
3466,132,32,Undirected,177
3467,132,63,Undirected,190
3468,132,105,Undirected,6372
3469,132,125,Undirected,217
3470,133,3,Undirected,2219
3471,133,5,Undirected,180
3472,133,8,Undirected,266
3473,133,10,Undirected,9177
3474,133,13,Undirected,257
3475,133,14,Undirected,336
3476,133,16,Undirected,268
3477,133,22,Undirected,313
3478,133,24,Undirected,528
3479,133,37,Undirected,278
3480,133,38,Undirected,266
3481,133,43,Undirected,6552
3482,133,44,Undirected,8807
3483,133,45,Undirected,13177
3484,133,51,Undirected,6172
3485,133,61,Undirected,8287
3487,133,73,Undirected,1579
3488,133,75,Undirected,1314
3489,133,77,Undirected,230
3490,133,79,Undirected,174
3491,133,81,Undirected,194
3492,133,82,Undirected,342
3493,133,83,Undirected,159
3494,133,84,Undirected,332
3495,133,93,Undirected,794
3496,133,96,Undirected,222
3497,133,104,Undirected,6492
3498,133,106,Undirected,325
3499,133,112,Undirected,800
3500,133,116,Undirected,1047
3501,133,117,Undirected,664
3502,133,123,Undirected,6142
3504,133,131,Undirected,6572
3505,134,1,Undirected,342
3506,134,2,Undirected,14422
3507,134,59,Undirected,6977
3508,134,92,Undirected,10167
3509,134,105,Undirected,1190
3510,135,1,Undirected,189
3511,135,16,Undirected,153
3512,135,21,Undirected,153
3513,135,109,Undirected,170
